Transaction_ID,Date,Year,Month,Quarter,Department,Region,Product_Category,Customer_Segment,Revenue,COGS,Operating_Expense,Budget_Revenue,Budget_COGS,Budget_Expense
TXN00363,1/01/2024,2024,1,Q1,Administration,Wellington,Support Services,Individual,7672.83,2831.66,547.71,8274.63,2974.54,565.39
TXN01112,1/01/2024,2024,1,Q1,Operations,Wellington,Consulting,Government,28698.78,12269.5,2453.57,26906.42,12140.92,2395.8
TXN01122,1/01/2024,2024,1,Q1,Customer Service,Auckland,Software,Government,27165.88,10161.17,2404.83,25976.98,10231.73,2405.8
TXN01316,1/01/2024,2024,1,Q1,Operations,Tauranga,Software,Corporate,19317.19,6614.95,1430.11,20159.52,6852.16,1464.04
TXN00031,2/01/2024,2024,1,Q1,Marketing,Hamilton,Support Services,Individual,6833.38,2337.87,886.94,7005.85,2318.35,894.02
TXN01393,2/01/2024,2024,1,Q1,Customer Service,Auckland,Training,Government,7788.85,3607.01,663.37,7489.98,3588.18,652.01
TXN01581,2/01/2024,2024,1,Q1,Sales,Tauranga,Software,SME,16812.07,5698.82,1710.05,16664.68,5892.33,1837.77
TXN00057,3/01/2024,2024,1,Q1,Operations,Christchurch,Consulting,Corporate,23507.78,9981.78,1835.98,22888.76,10403.9,1900.97
TXN01716,3/01/2024,2024,1,Q1,Sales,Auckland,Hardware,Government,16476.7,10459.1,1614.16,15751.41,10604.39,1660.24
TXN01666,4/01/2024,2024,1,Q1,IT,Auckland,Professional Services,SME,18379.47,7830.52,1830.72,18187.86,7918.03,1807.79
TXN00036,6/01/2024,2024,1,Q1,Customer Service,Hamilton,Professional Services,Government,11464.15,4886.93,945.41,10576.59,4602.77,930.78
TXN01358,6/01/2024,2024,1,Q1,Administration,Tauranga,Consulting,Individual,10040.5,4183.48,782.71,9699.01,4125.28,800.81
TXN00407,7/01/2024,2024,1,Q1,Sales,Auckland,Hardware,SME,24768.43,16641.19,2361.08,24451.44,17145.78,2202.07
TXN00482,7/01/2024,2024,1,Q1,Operations,Tauranga,Consulting,SME,24533.6,10061.29,2028.39,24334.52,9882.67,2147.4
TXN00794,7/01/2024,2024,1,Q1,Administration,Christchurch,Software,Corporate,20116.75,7698.61,1530.21,19635.82,7546.04,1558.32
TXN00895,8/01/2024,2024,1,Q1,Operations,Tauranga,Support Services,Corporate,17788.35,6667.42,1433.09,17174.03,6883.89,1400.2
TXN01605,8/01/2024,2024,1,Q1,Sales,Auckland,Software,Government,30152.63,9057.13,2995.12,30059.47,9230.98,3043.27
TXN01648,8/01/2024,2024,1,Q1,Operations,Wellington,Consulting,SME,30530.46,12314.72,2485.16,30506.02,12525.08,2602.84
TXN01873,8/01/2024,2024,1,Q1,Sales,Auckland,Software,SME,19289.16,6569.94,1974.16,18890.27,6977.91,2040.98
TXN00223,9/01/2024,2024,1,Q1,Operations,Auckland,Training,Government,10246.05,5324.92,779.35,10059.91,5106.14,735.06
TXN00785,9/01/2024,2024,1,Q1,Marketing,Christchurch,Consulting,Corporate,27821.16,11460.36,3803.78,27346.84,11643.61,3832.58
TXN01110,9/01/2024,2024,1,Q1,Operations,Auckland,Hardware,Government,18648.99,12504.13,1435.24,18403.45,11860.31,1488.1
TXN01203,9/01/2024,2024,1,Q1,Sales,Auckland,Training,Individual,8975.82,4209.25,918.93,8975.39,4221.9,903.78
TXN01516,9/01/2024,2024,1,Q1,Operations,Auckland,Support Services,SME,12089.57,4509.71,878.63,11731.17,4426.49,927.95
TXN00025,10/01/2024,2024,1,Q1,Sales,Tauranga,Support Services,Corporate,10115.35,3670.38,934.55,10230.55,3757.23,1056.01
TXN01609,10/01/2024,2024,1,Q1,Sales,Wellington,Professional Services,Individual,20664.87,8435.59,1905.99,20885.59,8187.55,1903.58
TXN01692,10/01/2024,2024,1,Q1,Sales,Tauranga,Consulting,SME,30757.02,13463.17,2922.02,31180.15,13666.4,2975.32
TXN00626,11/01/2024,2024,1,Q1,Sales,Christchurch,Software,SME,18677.91,6124.35,1954.76,18727.12,6164.04,1901.92
TXN00375,12/01/2024,2024,1,Q1,IT,Christchurch,Software,SME,15182.64,4995.28,1684.69,15311.39,5284.93,1920.13
TXN01705,12/01/2024,2024,1,Q1,Operations,Tauranga,Support Services,Corporate,9625.84,3681.79,849.63,8882.37,3750.25,813.36
TXN00047,13/01/2024,2024,1,Q1,Customer Service,Hamilton,Software,Individual,13778.76,4625.03,1074.58,13201.88,4276.57,1085.01
TXN00182,13/01/2024,2024,1,Q1,Operations,Wellington,Software,Individual,13044.23,4045.87,1010.12,12871.53,4054.44,1080.6
TXN00823,13/01/2024,2024,1,Q1,Sales,Christchurch,Hardware,Corporate,15452.98,10015.34,1516.56,15766.68,10080.27,1573.62
TXN01553,13/01/2024,2024,1,Q1,IT,Auckland,Professional Services,Corporate,26709.81,10657.48,2799.56,26816.62,10888.79,2812.35
TXN00366,14/01/2024,2024,1,Q1,Customer Service,Auckland,Consulting,Individual,11445.69,5145.51,1047.6,10900.22,5030.35,1122.8
TXN00971,14/01/2024,2024,1,Q1,Sales,Hamilton,Hardware,SME,15161.08,10951.54,1562.33,14480.81,10640.79,1629.21
TXN01031,14/01/2024,2024,1,Q1,Administration,Auckland,Professional Services,Corporate,22399.19,8855.47,1650.25,23178.17,9518.83,1725.86
TXN01438,14/01/2024,2024,1,Q1,Customer Service,Auckland,Training,Corporate,14742.14,6417.17,1229.87,14951.8,6190,1216.41
TXN01788,14/01/2024,2024,1,Q1,Administration,Wellington,Support Services,Government,18048.82,7260.31,1389.9,17251.68,7197.54,1495.4
TXN00547,15/01/2024,2024,1,Q1,Sales,Hamilton,Support Services,Corporate,9904.08,3840.69,985.17,10088.69,3675.86,986.61
TXN01009,15/01/2024,2024,1,Q1,Customer Service,Auckland,Professional Services,Individual,14106.89,5486.59,1123.88,13985.28,5699.75,1176.06
TXN01770,15/01/2024,2024,1,Q1,Marketing,Wellington,Support Services,Corporate,9975.68,3755.69,1199.14,9540.28,3735.51,1175.07
TXN01689,16/01/2024,2024,1,Q1,Marketing,Wellington,Training,Corporate,13147.39,6071.3,1538.98,13130.51,6065.6,1562.31
TXN00161,17/01/2024,2024,1,Q1,Sales,Auckland,Support Services,SME,23819.57,9055.49,2317.29,21866.64,9339.06,2368.6
TXN00449,17/01/2024,2024,1,Q1,Sales,Auckland,Training,Corporate,17128.16,7399.24,1388.7,17215.91,7784.63,1431.73
TXN00585,17/01/2024,2024,1,Q1,Customer Service,Auckland,Professional Services,SME,16873.05,6633.11,1308.7,16122.71,6792.19,1395.97
TXN01348,17/01/2024,2024,1,Q1,Sales,Wellington,Consulting,Corporate,47014.01,21594.2,5007.45,42097.32,21386.21,4787.79
TXN01963,17/01/2024,2024,1,Q1,Operations,Christchurch,Software,SME,16310.91,6065.35,1153.63,16403.76,5722.3,1183.69
TXN01651,19/01/2024,2024,1,Q1,Administration,Auckland,Consulting,SME,27046.28,12263.36,1879.93,25542.93,12161.05,1813.7
TXN01513,20/01/2024,2024,1,Q1,IT,Wellington,Software,Government,25029.14,8103.57,2722.55,25134.73,8291.63,2692.29
TXN01815,20/01/2024,2024,1,Q1,IT,Tauranga,Software,Corporate,16344.14,5702.04,1743.63,15513.31,5799.01,1839.8
TXN00635,22/01/2024,2024,1,Q1,IT,Tauranga,Hardware,Government,18463.68,13064.3,1898.98,17772.18,13511.36,1943.68
TXN01720,22/01/2024,2024,1,Q1,Marketing,Wellington,Software,Government,20654.33,7071.2,2427.59,18790.36,6529.2,2506.88
TXN01887,23/01/2024,2024,1,Q1,Operations,Christchurch,Hardware,Individual,8323.99,6114.68,620.33,8422.69,6456.47,664.5
TXN00565,24/01/2024,2024,1,Q1,Sales,Hamilton,Support Services,Corporate,20398.48,7919.61,1931.72,20611.27,8136.91,1913.56
TXN00754,24/01/2024,2024,1,Q1,IT,Christchurch,Software,SME,18493.49,6366.29,1785.78,19667.48,6679,1873.14
TXN01030,24/01/2024,2024,1,Q1,Administration,Hamilton,Software,Corporate,17287.31,5447.6,1353.8,15487.25,5546.71,1374.47
TXN01198,24/01/2024,2024,1,Q1,Administration,Hamilton,Hardware,SME,10948.73,7342.63,879.75,10571.19,7736.21,889.72
TXN01265,25/01/2024,2024,1,Q1,Marketing,Hamilton,Consulting,Government,22884.57,9780.96,2931.05,21418.35,9986.88,3156.78
TXN01584,25/01/2024,2024,1,Q1,Sales,Auckland,Hardware,Corporate,24965.43,17251.18,2410.9,24362.82,18715.6,2310.79
TXN00677,27/01/2024,2024,1,Q1,Customer Service,Auckland,Hardware,SME,17522.21,11804.41,1534.56,18148.24,11594.48,1640.15
TXN00752,27/01/2024,2024,1,Q1,Operations,Christchurch,Support Services,Corporate,10158.02,3929.09,810.99,9611.77,3801.87,842
TXN00619,28/01/2024,2024,1,Q1,Sales,Auckland,Professional Services,Corporate,25195.83,10219.51,2421.64,23748.45,10347.28,2541.37
TXN00727,29/01/2024,2024,1,Q1,Sales,Auckland,Software,Corporate,26302.15,9212.07,2434.93,26836.72,9563.61,2792.43
TXN01982,29/01/2024,2024,1,Q1,Sales,Auckland,Support Services,Individual,6671.42,2453.8,626.24,6358.19,2359.69,702.38
TXN01058,30/01/2024,2024,1,Q1,Operations,Tauranga,Support Services,Government,9230.89,3595.82,717.13,9082.18,3727.71,722.54
TXN01801,30/01/2024,2024,1,Q1,Administration,Wellington,Professional Services,Corporate,30511.37,12110.35,2174.76,28766.29,12194.61,2140.46
TXN00219,31/01/2024,2024,1,Q1,Operations,Wellington,Consulting,Corporate,29410.93,13387.46,2480.13,28914.87,13825.87,2564.29
TXN00994,1/02/2024,2024,2,Q1,IT,Tauranga,Professional Services,Government,21650,9239.84,2204.38,21388.24,9444.11,2302.46
TXN00410,2/02/2024,2024,2,Q1,Sales,Auckland,Professional Services,Corporate,36244.2,13952.98,3274.45,34997.97,14067.4,3368.85
TXN00617,2/02/2024,2024,2,Q1,Customer Service,Auckland,Professional Services,Corporate,29318.75,10901.69,2241.07,29324,11033.17,2189.48
TXN00691,2/02/2024,2024,2,Q1,Sales,Auckland,Consulting,SME,22026.29,8541.09,1999.49,21170.18,8410.85,2056.27
TXN01947,2/02/2024,2024,2,Q1,Operations,Hamilton,Training,Corporate,7514.13,3379.25,595,7023.96,3455.04,646.12
TXN01839,3/02/2024,2024,2,Q1,Administration,Auckland,Support Services,Corporate,12201.73,4715.59,874.72,10930.99,4783,868.38
TXN01958,3/02/2024,2024,2,Q1,Administration,Christchurch,Training,SME,8735.1,3875.53,581.77,8688.04,4001.37,602.9
TXN00883,4/02/2024,2024,2,Q1,Operations,Auckland,Hardware,Individual,7501.63,4844.24,688.83,7398.92,5064.23,722.93
TXN01754,5/02/2024,2024,2,Q1,IT,Christchurch,Hardware,Corporate,22667.8,14989.81,2305.32,21326.67,15618.7,2191.02
TXN00284,6/02/2024,2024,2,Q1,Marketing,Auckland,Software,SME,18731.03,6401.01,2125.47,18139.06,6236.99,1961.54
TXN00402,6/02/2024,2024,2,Q1,Sales,Auckland,Hardware,Corporate,15964.67,10394.29,1420.68,15299.24,10921.97,1522.77
TXN00448,6/02/2024,2024,2,Q1,Sales,Christchurch,Support Services,SME,7317.51,2811.46,670.78,7478.4,2907.91,655.74
TXN01056,6/02/2024,2024,2,Q1,Sales,Christchurch,Software,Government,21241.81,7312.17,2095.68,20263.94,7495.37,2251.32
TXN01151,7/02/2024,2024,2,Q1,Operations,Auckland,Hardware,Individual,7881.13,5830.4,611.42,8231.65,6118.24,594.39
TXN01425,7/02/2024,2024,2,Q1,Sales,Auckland,Professional Services,Corporate,24748.2,9620.49,2602.1,24535.81,9707.51,2751.89
TXN01859,7/02/2024,2024,2,Q1,Sales,Christchurch,Support Services,Individual,6011.18,2288.8,517.49,6161.93,2263.24,561.99
TXN01525,8/02/2024,2024,2,Q1,Marketing,Wellington,Professional Services,Government,21813.92,8951.25,2850.59,21425.82,9327.8,2830.62
TXN01817,8/02/2024,2024,2,Q1,Sales,Auckland,Professional Services,SME,20185.1,7935.31,1978.08,21857.67,8176.06,2007.44
TXN01924,8/02/2024,2024,2,Q1,IT,Wellington,Support Services,Corporate,14782.15,5569.53,1447.36,13139.75,5519.92,1589.25
TXN00028,9/02/2024,2024,2,Q1,Customer Service,Auckland,Training,SME,6263.01,2699.6,533.66,6136.19,2769.58,564.41
TXN00030,9/02/2024,2024,2,Q1,Sales,Wellington,Support Services,Corporate,16596.19,5912.05,1452.46,16744.91,5991.09,1584.14
TXN00738,9/02/2024,2024,2,Q1,Marketing,Tauranga,Software,Corporate,18268.13,6244.77,2303.5,16365.76,6488.52,2339.92
TXN00026,10/02/2024,2024,2,Q1,Customer Service,Auckland,Hardware,Corporate,16526.56,10685.56,1550.99,17446.13,11520.22,1438.54
TXN00384,10/02/2024,2024,2,Q1,Sales,Wellington,Hardware,SME,12277.3,8127.83,1088.24,12529.68,8317.88,1244.99
TXN01140,10/02/2024,2024,2,Q1,Operations,Christchurch,Consulting,SME,16267.94,6337.91,1172.69,14851.11,5983.58,1213.41
TXN01572,10/02/2024,2024,2,Q1,Marketing,Auckland,Consulting,SME,19024.68,8141.64,2497.76,19804.38,8755.33,2891.01
TXN01781,10/02/2024,2024,2,Q1,Customer Service,Hamilton,Consulting,Corporate,22390.07,8971.56,1786.34,21328.58,9460.94,1723.57
TXN00467,11/02/2024,2024,2,Q1,Operations,Auckland,Consulting,Corporate,31817.88,13804.49,2527.76,32098.62,14372.39,2717.35
TXN01157,11/02/2024,2024,2,Q1,Operations,Hamilton,Software,Corporate,19643.69,7278.73,1740.45,20916.46,7401.43,1912.82
TXN01671,11/02/2024,2024,2,Q1,IT,Christchurch,Training,SME,7165.92,2969.31,778.94,7627.03,3060.07,798.18
TXN00699,12/02/2024,2024,2,Q1,IT,Tauranga,Support Services,Corporate,7780.57,2838.74,861.56,7781.86,2876.98,876.67
TXN00811,12/02/2024,2024,2,Q1,Sales,Wellington,Hardware,Corporate,18719.75,13023.29,1706.71,18334.97,13174.53,1750.93
TXN01005,12/02/2024,2024,2,Q1,IT,Wellington,Support Services,Corporate,15034.08,5956.21,1423.12,14828.03,6215.17,1497.82
TXN01076,12/02/2024,2024,2,Q1,IT,Tauranga,Consulting,Corporate,18607.01,7880.55,1934.39,16711.44,8034.61,1882.53
TXN01766,12/02/2024,2024,2,Q1,Administration,Wellington,Professional Services,SME,20069.25,8397.85,1630.07,18923.61,8369.95,1686.63
TXN00483,13/02/2024,2024,2,Q1,Customer Service,Auckland,Support Services,SME,12321.25,4713.28,1000.46,11705.71,5008.34,1005.31
TXN01540,13/02/2024,2024,2,Q1,Marketing,Christchurch,Hardware,SME,8241.71,5883.52,1035.25,8205.87,6074.89,1065.36
TXN01547,13/02/2024,2024,2,Q1,Customer Service,Tauranga,Software,SME,13123.16,4487.55,1114.04,13114.04,4682.88,1033.22
TXN00711,14/02/2024,2024,2,Q1,Sales,Hamilton,Hardware,Individual,9981.51,7327.47,956.17,8881.8,7312.78,986.2
TXN01001,15/02/2024,2024,2,Q1,Customer Service,Auckland,Professional Services,Individual,14779.51,5963.84,1321.77,14261.21,6024.72,1383.87
TXN01925,15/02/2024,2024,2,Q1,Sales,Christchurch,Professional Services,Corporate,33143.04,13288.7,2796.05,34472.88,13726.41,2945.48
TXN00138,16/02/2024,2024,2,Q1,Sales,Christchurch,Training,SME,7658.04,3435.66,644.26,6985.39,3368.22,637.99
TXN00406,16/02/2024,2024,2,Q1,Operations,Christchurch,Support Services,Corporate,10054.53,3702.79,818.15,9377.13,3643.77,833.15
TXN00543,16/02/2024,2024,2,Q1,Marketing,Wellington,Consulting,SME,30675.02,12410.13,3989.15,29783.99,12518.15,4057.02
TXN00704,16/02/2024,2024,2,Q1,Marketing,Auckland,Support Services,Individual,6623.87,2494.74,809.34,6355.91,2793.77,811.76
TXN01371,16/02/2024,2024,2,Q1,Sales,Hamilton,Support Services,SME,10369.9,4036.38,950.98,10666.22,3927.8,949.03
TXN01600,16/02/2024,2024,2,Q1,Administration,Auckland,Support Services,SME,12254.72,4390.96,1002.15,12093.48,4637.7,1060.01
TXN01787,17/02/2024,2024,2,Q1,Sales,Auckland,Consulting,Corporate,33595.44,13090.13,3143.51,33220.65,14512.09,3092.23
TXN00115,18/02/2024,2024,2,Q1,Sales,Christchurch,Support Services,Corporate,17560.85,6259.39,1625.9,15913.02,6194.82,1657.37
TXN00120,18/02/2024,2024,2,Q1,Customer Service,Auckland,Software,Corporate,29733.19,10991.69,2760.85,28583.7,10282.59,2820.46
TXN00566,18/02/2024,2024,2,Q1,Administration,Tauranga,Consulting,SME,11090.98,4517.81,841.43,11581.08,4367.35,828.85
TXN01293,18/02/2024,2024,2,Q1,Administration,Auckland,Professional Services,Individual,12642.33,4966.01,970.02,12298.22,5071.28,952.29
TXN01991,18/02/2024,2024,2,Q1,Sales,Auckland,Training,SME,9933.88,4585.16,1049.77,9845.37,4794.37,1094.2
TXN00764,20/02/2024,2024,2,Q1,Administration,Wellington,Professional Services,SME,14415.32,5607.18,1041.68,14547.28,5548.7,1044.78
TXN01702,20/02/2024,2024,2,Q1,IT,Christchurch,Consulting,SME,30955.9,12709.3,3677.74,28822.54,12681.14,3977.59
TXN01984,21/02/2024,2024,2,Q1,Operations,Tauranga,Software,Corporate,17227.87,6084.12,1289.04,16657.46,6274.44,1341.49
TXN00222,23/02/2024,2024,2,Q1,Sales,Hamilton,Professional Services,Individual,8776.82,3671.85,807.84,9260.31,3650.78,864.8
TXN01051,23/02/2024,2024,2,Q1,Customer Service,Christchurch,Hardware,Corporate,17824.61,11578.42,1388.54,16724.76,11972.01,1424.84
TXN01684,23/02/2024,2024,2,Q1,Sales,Christchurch,Hardware,Government,24377.87,15974.39,2324.28,23679.44,17110.34,2303.75
TXN00267,24/02/2024,2024,2,Q1,Customer Service,Christchurch,Professional Services,Corporate,28403.14,11698.64,2274.19,27423.56,12004.38,2353.56
TXN00786,24/02/2024,2024,2,Q1,Marketing,Auckland,Hardware,Government,16410.13,11817.82,1606.81,15235.97,11942.5,1599.9
TXN01232,24/02/2024,2024,2,Q1,Sales,Auckland,Hardware,Corporate,20963.31,14543.16,2103.26,21152.63,14953.4,2009.54
TXN01363,24/02/2024,2024,2,Q1,Operations,Auckland,Software,Government,21102.61,7390.05,1836.02,19754.37,7865.47,1874.69
TXN01592,24/02/2024,2024,2,Q1,Operations,Wellington,Support Services,Corporate,11393.33,4461.79,1021.67,11522.25,4419.96,1056.49
TXN01750,24/02/2024,2024,2,Q1,Sales,Wellington,Software,SME,17181.04,5627.96,1579.32,17012.64,5609.7,1622.07
TXN00534,25/02/2024,2024,2,Q1,Sales,Auckland,Hardware,Government,15996.12,10993.99,1378.55,15594.14,11596.6,1303.45
TXN00665,25/02/2024,2024,2,Q1,Customer Service,Christchurch,Consulting,Corporate,14845.18,6194.91,1316.44,14620.52,6640.83,1342.03
TXN00792,26/02/2024,2024,2,Q1,Sales,Tauranga,Software,SME,19899.93,6791.15,1780.26,17636.34,7120.73,1889.26
TXN01437,26/02/2024,2024,2,Q1,Sales,Christchurch,Consulting,Corporate,22450.43,9095.73,2441.29,23428.75,9062.23,2434.57
TXN01641,27/02/2024,2024,2,Q1,Sales,Auckland,Consulting,Corporate,33015.49,13611.37,3243.42,33241.75,13555.44,3066.13
TXN00706,28/02/2024,2024,2,Q1,IT,Auckland,Hardware,Government,15977.61,10585.56,1783.93,15601.51,11336.06,1679.56
TXN00814,28/02/2024,2024,2,Q1,Sales,Auckland,Software,Corporate,23151.5,7679.49,2204.68,23322.91,7553.59,2178.74
TXN01187,28/02/2024,2024,2,Q1,Administration,Hamilton,Support Services,Government,11878.35,4344,778.92,11079.87,4405.98,789.09
TXN01402,28/02/2024,2024,2,Q1,Operations,Hamilton,Hardware,Government,12169.4,8294.66,1002.25,11663.63,8268.81,1016.72
TXN01626,28/02/2024,2024,2,Q1,Administration,Auckland,Professional Services,Corporate,14875.45,5964.6,1022.26,14910.72,6181.18,1048.49
TXN01923,28/02/2024,2024,2,Q1,Customer Service,Christchurch,Software,Corporate,24453.93,8150.35,1772.75,23774.21,8316.34,1830.98
TXN00824,29/02/2024,2024,2,Q1,Marketing,Auckland,Professional Services,SME,26487.2,10317.66,3155.99,27785.3,10447.14,3384.8
TXN01598,29/02/2024,2024,2,Q1,Sales,Auckland,Support Services,Corporate,14837.89,5635.65,1231.32,13364.65,5801.48,1263.28
TXN01759,29/02/2024,2024,2,Q1,Operations,Wellington,Training,Corporate,10951.09,5246.21,928.96,10500.88,5191.36,921.07
TXN01874,29/02/2024,2024,2,Q1,IT,Auckland,Support Services,Corporate,19019.91,7286.54,1877.28,17768.47,7089.79,1919.77
TXN00965,1/03/2024,2024,3,Q1,Administration,Auckland,Consulting,Corporate,38190.31,16445.2,3065.45,35953.83,16455.45,3068.47
TXN01379,1/03/2024,2024,3,Q1,Sales,Hamilton,Training,Government,7703.41,3304.47,831.41,8156.18,3247.55,809.73
TXN01344,3/03/2024,2024,3,Q1,Operations,Tauranga,Consulting,Government,22984.88,9219.04,1957.65,20973.81,9351.73,2060.88
TXN01645,3/03/2024,2024,3,Q1,Sales,Christchurch,Software,Government,26567.32,8899.37,2670.06,25646.64,8865.14,2674.17
TXN00142,4/03/2024,2024,3,Q1,Administration,Wellington,Consulting,Individual,13435.25,5345.84,1093.8,12851.87,5195.88,1102.88
TXN00183,5/03/2024,2024,3,Q1,Sales,Auckland,Hardware,Government,24183.78,15836.43,2161.37,23541.84,16122.56,2056.56
TXN00593,5/03/2024,2024,3,Q1,IT,Auckland,Consulting,Government,32794.34,13535.85,3451.33,32658.95,13958.06,3492.29
TXN01093,5/03/2024,2024,3,Q1,Sales,Auckland,Hardware,Corporate,22750.9,16730.52,1951,21200.98,16763.02,1933.12
TXN00555,6/03/2024,2024,3,Q1,Operations,Auckland,Hardware,SME,6660.43,4605,461.57,6508.78,4470.03,503.17
TXN00650,6/03/2024,2024,3,Q1,Operations,Christchurch,Consulting,SME,14000.95,5950.44,1241.75,13619.98,6391.05,1258.8
TXN00912,7/03/2024,2024,3,Q1,Customer Service,Auckland,Consulting,Corporate,30327.92,13028.43,2430.99,28673.77,13459.36,2448.62
TXN00949,7/03/2024,2024,3,Q1,Operations,Hamilton,Hardware,Individual,4927.52,3219.75,416.95,4949.16,3240.84,415.32
TXN01313,7/03/2024,2024,3,Q1,Operations,Auckland,Hardware,SME,15612.98,10354.98,1190.49,15126.97,10507.55,1347.51
TXN00421,8/03/2024,2024,3,Q1,Operations,Hamilton,Support Services,Government,9301.33,3422.3,732.04,8934.31,3432.48,785.73
TXN00632,8/03/2024,2024,3,Q1,IT,Auckland,Support Services,Corporate,21063.5,8260.11,2128.16,19323.03,8839.69,2161.68
TXN01150,9/03/2024,2024,3,Q1,Customer Service,Hamilton,Training,Individual,6183.58,2577.05,489.81,6062.31,2484.21,534.32
TXN01846,9/03/2024,2024,3,Q1,Operations,Auckland,Hardware,Corporate,14808.34,10007.78,1102.74,14375.5,10328.58,1137.12
TXN00497,12/03/2024,2024,3,Q1,Customer Service,Hamilton,Professional Services,Corporate,23025.14,8593.68,1923.76,23094.85,8927.86,1881.47
TXN01099,12/03/2024,2024,3,Q1,Sales,Wellington,Hardware,Government,19272.72,12673.77,2005.6,18538.34,13327.23,2061.03
TXN01403,13/03/2024,2024,3,Q1,IT,Christchurch,Professional Services,Corporate,35316.16,14373.46,3516.54,33301.36,15549.71,3955.37
TXN01698,15/03/2024,2024,3,Q1,Customer Service,Tauranga,Consulting,SME,13977.08,5889.46,1090.4,13021.28,6192.7,1069.72
TXN01154,17/03/2024,2024,3,Q1,Marketing,Hamilton,Consulting,Corporate,20152.43,8675.21,2506,19820.07,8399.6,2532.3
TXN01756,17/03/2024,2024,3,Q1,IT,Tauranga,Hardware,Corporate,18543.15,11908.81,2083.24,18119.07,12275.24,2218.38
TXN00124,19/03/2024,2024,3,Q1,Marketing,Wellington,Hardware,SME,11971.36,8428.18,1424.42,10981.37,8267.3,1506.57
TXN00891,20/03/2024,2024,3,Q1,IT,Auckland,Software,Corporate,25947.29,8584.99,2414.65,24917.21,9003.8,2475.47
TXN00374,21/03/2024,2024,3,Q1,Administration,Tauranga,Hardware,Government,8236.56,5272.97,679.34,8426.28,5346.82,633.44
TXN00639,21/03/2024,2024,3,Q1,Operations,Wellington,Software,Corporate,21372.82,7126.39,1879.23,21363.45,7199.6,1979.7
TXN00807,21/03/2024,2024,3,Q1,Sales,Wellington,Software,SME,14163.78,5213.84,1373.76,13442.14,5623.83,1356.3
TXN01725,22/03/2024,2024,3,Q1,Operations,Auckland,Hardware,Corporate,20857.42,14202.6,1774.95,21004,14013.74,1748.24
TXN00910,23/03/2024,2024,3,Q1,IT,Hamilton,Professional Services,Corporate,18020.98,7553.45,1740.11,17542.53,7367.85,1868.84
TXN01131,25/03/2024,2024,3,Q1,Customer Service,Christchurch,Training,Corporate,8257.56,3795.6,700.8,7582.01,3750.86,656.06
TXN01259,25/03/2024,2024,3,Q1,Administration,Wellington,Hardware,Corporate,15557.85,10371.32,1112.63,15449.74,10477.23,1209.32
TXN00216,26/03/2024,2024,3,Q1,Operations,Wellington,Software,Government,21339.71,7211.45,1535,19338.56,7280.43,1542.51
TXN01762,26/03/2024,2024,3,Q1,Operations,Auckland,Software,Corporate,28194.09,9479.56,2218.67,28817.82,10342.4,2155.6
TXN01179,27/03/2024,2024,3,Q1,Administration,Auckland,Software,Corporate,13464.88,4552.78,1107.28,12203.68,4539.91,1239.32
TXN00191,28/03/2024,2024,3,Q1,Sales,Tauranga,Software,Corporate,20370.6,6573.62,1954.06,18448.92,6806.87,1961.96
TXN00249,28/03/2024,2024,3,Q1,IT,Hamilton,Consulting,Government,20077.58,8082.44,2134.97,20820.46,8111.27,2293.08
TXN00321,28/03/2024,2024,3,Q1,Sales,Christchurch,Consulting,SME,18625.31,8113.11,1915.6,18194.98,7840.45,1901.8
TXN00377,28/03/2024,2024,3,Q1,Operations,Wellington,Support Services,Government,12636.28,4579.21,1075.25,10456.26,4442.61,1061.13
TXN00615,28/03/2024,2024,3,Q1,Operations,Auckland,Training,Government,9324.23,4025.13,725.18,8850.14,4050.95,743.95
TXN00822,28/03/2024,2024,3,Q1,Customer Service,Hamilton,Hardware,SME,8758.27,5329.17,739.14,8792.75,5225.68,707.05
TXN01350,28/03/2024,2024,3,Q1,IT,Hamilton,Training,Corporate,15950.88,6803.99,1528.93,15350.58,6809.29,1624.26
TXN01007,29/03/2024,2024,3,Q1,Marketing,Wellington,Software,Individual,11491.5,3951.62,1585.86,11497.65,4225.83,1636
TXN01657,29/03/2024,2024,3,Q1,Customer Service,Auckland,Professional Services,Government,24262.18,9227.01,2029.17,23015.47,9126.66,2061.19
TXN01663,29/03/2024,2024,3,Q1,Customer Service,Wellington,Support Services,Corporate,12671.49,4946.77,1029.28,12385.4,5166.67,1052.37
TXN01972,29/03/2024,2024,3,Q1,IT,Christchurch,Professional Services,Government,23802.58,9267.25,2082.75,22980.25,9201.17,2044.94
TXN00201,30/03/2024,2024,3,Q1,Operations,Tauranga,Training,Corporate,11943.25,5149.33,1052.58,11367.44,5146.14,1094.29
TXN01357,30/03/2024,2024,3,Q1,Sales,Tauranga,Training,Corporate,14872.22,6190.27,1313.35,14470.6,6317.5,1413.91
TXN01654,30/03/2024,2024,3,Q1,Operations,Christchurch,Support Services,Government,12749.29,5264.71,898.62,13033.52,5250.89,924.16
TXN01670,30/03/2024,2024,3,Q1,Marketing,Hamilton,Support Services,SME,8303.95,2908.38,962.39,7971.06,2966.79,945.01
TXN01985,30/03/2024,2024,3,Q1,Marketing,Wellington,Support Services,Individual,6838.75,2648.05,768.25,6231.9,2728.6,797.49
TXN00062,31/03/2024,2024,3,Q1,Operations,Auckland,Professional Services,SME,34074.98,13462.64,2576.48,31448.7,13404.87,2666.75
TXN01253,31/03/2024,2024,3,Q1,Operations,Wellington,Hardware,Corporate,11472.05,7965.28,841.71,11484.57,7804.65,861.52
TXN01570,31/03/2024,2024,3,Q1,Customer Service,Auckland,Software,Corporate,28837.46,10048.77,2397.13,28121.35,9726.82,2545.38
TXN01990,31/03/2024,2024,3,Q1,Marketing,Tauranga,Consulting,Government,20936.18,8550.69,2339.93,19828.44,8857.96,2377.98
TXN01364,1/04/2024,2024,4,Q2,Marketing,Christchurch,Professional Services,SME,14679.71,5846.01,1703.02,14323.51,6013.02,1735.9
TXN00103,2/04/2024,2024,4,Q2,IT,Wellington,Consulting,SME,21630.11,8876.37,2038.68,20431.06,9036.62,2119.14
TXN00135,2/04/2024,2024,4,Q2,Customer Service,Wellington,Professional Services,Corporate,24550.68,8906.52,2097.89,23109.03,8750.26,1961.7
TXN00464,2/04/2024,2024,4,Q2,Sales,Christchurch,Software,SME,20024.64,7232.71,2070.38,19275.4,7595.3,2222.86
TXN00521,2/04/2024,2024,4,Q2,Customer Service,Hamilton,Hardware,Government,10767.13,7074.75,1037.36,9917.59,6836.53,1055.24
TXN01359,2/04/2024,2024,4,Q2,IT,Auckland,Hardware,SME,18681.49,12198.67,1617.11,17474.44,12271.68,1573.79
TXN01543,2/04/2024,2024,4,Q2,Operations,Tauranga,Consulting,Corporate,34035.03,14498.45,2577.17,32034.68,14741.78,2493.09
TXN01736,2/04/2024,2024,4,Q2,Operations,Hamilton,Hardware,Corporate,15423.25,9882.78,1190.43,15272.06,9954.65,1248.98
TXN00229,3/04/2024,2024,4,Q2,Administration,Tauranga,Hardware,Corporate,8744.78,6250.1,770.68,8788.77,6123.18,771.39
TXN00997,3/04/2024,2024,4,Q2,IT,Auckland,Consulting,SME,26595.43,10847.6,2618.6,25239.8,11384.41,2761.77
TXN01308,3/04/2024,2024,4,Q2,Administration,Christchurch,Professional Services,SME,16688.64,6881.52,1243.95,16635.79,6836.83,1205.91
TXN00539,4/04/2024,2024,4,Q2,Operations,Auckland,Professional Services,Government,18763.75,7408.42,1450.95,17303.74,7535.41,1499.47
TXN00683,5/04/2024,2024,4,Q2,Sales,Auckland,Support Services,SME,13759.58,5468.82,1281.29,12345.17,5533.95,1238.12
TXN01906,6/04/2024,2024,4,Q2,Marketing,Hamilton,Consulting,SME,13814.5,6050.25,1777.81,12085.54,5921.8,1853.77
TXN01929,6/04/2024,2024,4,Q2,Marketing,Tauranga,Support Services,Corporate,10543,4299.5,1263.81,10155.88,4392.59,1281.27
TXN00003,9/04/2024,2024,4,Q2,Operations,Auckland,Hardware,Corporate,19739.77,13639.18,1555.17,18812.52,14491.11,1636.14
TXN00076,9/04/2024,2024,4,Q2,Customer Service,Christchurch,Hardware,SME,13969.47,9288.93,1254.45,13832.46,9425.07,1244.45
TXN00451,9/04/2024,2024,4,Q2,Operations,Auckland,Support Services,Government,10661.67,4090.57,807.04,10511.49,4009.77,862.05
TXN00071,10/04/2024,2024,4,Q2,Administration,Christchurch,Software,Corporate,18213.42,6006.23,1456.09,17697.81,6312.84,1468.06
TXN01556,11/04/2024,2024,4,Q2,Customer Service,Tauranga,Software,Corporate,22293.28,7630.86,1982.71,22434.9,7722.84,2229.85
TXN01155,12/04/2024,2024,4,Q2,Operations,Auckland,Hardware,Corporate,24034.16,16652.96,2191.16,23413.95,17368.55,2302.73
TXN01784,12/04/2024,2024,4,Q2,Sales,Christchurch,Training,SME,8298.9,3645.42,794.27,7604.75,3854.78,858.58
TXN01837,12/04/2024,2024,4,Q2,Operations,Hamilton,Consulting,Government,16144,6712.2,1274.61,17248.09,6793.43,1348.87
TXN01841,12/04/2024,2024,4,Q2,Sales,Wellington,Software,Corporate,26058.55,9385.2,2241.88,27067.15,9973.79,2296.05
TXN00340,13/04/2024,2024,4,Q2,Operations,Christchurch,Hardware,SME,10460.26,6835.19,788.38,9853.39,6773.23,804.34
TXN00597,13/04/2024,2024,4,Q2,Operations,Tauranga,Training,SME,6569.87,3099.39,559.59,6848.33,3224.73,582.19
TXN01082,13/04/2024,2024,4,Q2,Sales,Auckland,Professional Services,SME,17890.23,6480.34,1739.21,16532.86,6452.42,1612.55
TXN01544,13/04/2024,2024,4,Q2,Operations,Auckland,Professional Services,SME,32072.34,13799.63,2762.31,30245.54,14054.66,2844.58
TXN01956,13/04/2024,2024,4,Q2,Sales,Wellington,Consulting,SME,26280.08,10655.43,2386.47,25740.08,10080.85,2301.56
TXN00194,14/04/2024,2024,4,Q2,Administration,Wellington,Hardware,Corporate,10958.63,7339.44,651.34,10714.51,7350.68,691.17
TXN00230,14/04/2024,2024,4,Q2,Administration,Auckland,Software,Government,26381.25,8913.85,1823.03,24342.69,8837.68,1828.09
TXN01518,14/04/2024,2024,4,Q2,Sales,Hamilton,Professional Services,Corporate,28960.53,12002.01,2461.38,25445.88,12324.89,2493.03
TXN00629,15/04/2024,2024,4,Q2,Operations,Auckland,Software,Corporate,40161.81,14191.85,3105.23,39013.88,14621.63,2796.37
TXN01901,15/04/2024,2024,4,Q2,Customer Service,Wellington,Hardware,Corporate,17767.5,13127.46,1660.18,18863.93,13547.32,1720.77
TXN01627,16/04/2024,2024,4,Q2,Customer Service,Tauranga,Software,SME,16242.98,5853.57,1271.63,17855.8,5922.52,1299.72
TXN01546,17/04/2024,2024,4,Q2,IT,Christchurch,Professional Services,Corporate,31424.1,12648.72,3390.23,29037.29,12583.59,3730.6
TXN00416,18/04/2024,2024,4,Q2,Operations,Auckland,Hardware,Government,27162.35,18698.4,2103.59,25112.26,18616.51,2212.69
TXN01250,18/04/2024,2024,4,Q2,Marketing,Wellington,Hardware,Individual,9278.49,5792.3,982.32,9533.17,5753.87,1056.12
TXN01290,18/04/2024,2024,4,Q2,Sales,Hamilton,Consulting,Corporate,22905.79,10115.07,2274.23,20638.24,10048.57,2358.33
TXN00287,19/04/2024,2024,4,Q2,Sales,Auckland,Software,Government,22755.65,7741.74,2108.47,21049.02,7557.31,2293.69
TXN01102,19/04/2024,2024,4,Q2,Sales,Christchurch,Consulting,Government,34383.57,14847.71,3323.04,36332.87,14597.71,3477.59
TXN01558,20/04/2024,2024,4,Q2,Marketing,Christchurch,Software,Corporate,20648.9,7341.58,2431.06,20231.67,7773.77,2490.04
TXN01492,23/04/2024,2024,4,Q2,Administration,Auckland,Software,SME,16165.61,5820.74,1207.77,14542.56,6082.13,1251.13
TXN01987,23/04/2024,2024,4,Q2,Sales,Hamilton,Training,Individual,4767.71,2032.6,438.31,5033.19,2164.14,467.65
TXN00897,24/04/2024,2024,4,Q2,Operations,Auckland,Support Services,Corporate,19928.37,7324.86,1637.15,20679.74,7365.8,1675
TXN01011,24/04/2024,2024,4,Q2,IT,Wellington,Consulting,SME,22572.2,9727.69,2337.17,20935.88,10170.94,2454.05
TXN01336,24/04/2024,2024,4,Q2,Sales,Auckland,Professional Services,Individual,14591.01,6347.38,1403.45,13094.24,5916.27,1439.75
TXN01491,24/04/2024,2024,4,Q2,Sales,Hamilton,Consulting,Government,22728.12,9888.61,2138.9,21878.39,9891.7,2260.82
TXN01563,24/04/2024,2024,4,Q2,Customer Service,Auckland,Software,Government,32369.52,11386.93,2758.11,31414.02,11690.2,3042.88
TXN01683,24/04/2024,2024,4,Q2,Operations,Wellington,Professional Services,SME,17779.78,6862.37,1275.9,16606.54,7252.81,1216.93
TXN01964,24/04/2024,2024,4,Q2,Customer Service,Auckland,Support Services,Government,16815.88,6556.39,1457.7,15913.27,6891.51,1534.71
TXN00782,25/04/2024,2024,4,Q2,Sales,Wellington,Support Services,Corporate,16041.12,5882.71,1638.44,15534.68,6236.18,1689.89
TXN01477,25/04/2024,2024,4,Q2,Operations,Wellington,Hardware,Government,18419.58,12741.87,1411.23,18322.8,13618.21,1398.02
TXN01630,25/04/2024,2024,4,Q2,Customer Service,Wellington,Consulting,Government,25139.61,10795.22,1936.54,23906.19,11050.91,1969.41
TXN00397,26/04/2024,2024,4,Q2,Administration,Christchurch,Software,Government,18650.67,6259.96,1388.37,18452.81,6527.88,1502.1
TXN00818,26/04/2024,2024,4,Q2,Sales,Hamilton,Hardware,SME,12833.32,8971.31,1140.96,12869.19,9154.9,1213.28
TXN01773,26/04/2024,2024,4,Q2,IT,Auckland,Professional Services,Government,31056.46,11485.54,3103.4,31438.69,12055.94,3204.14
TXN01897,26/04/2024,2024,4,Q2,Customer Service,Auckland,Support Services,Government,9972.09,3801.25,868.81,9133.62,3628.98,904.9
TXN00092,27/04/2024,2024,4,Q2,Administration,Christchurch,Training,Government,9997.68,4707.64,885.95,9867.71,4840.5,876.06
TXN00300,27/04/2024,2024,4,Q2,IT,Wellington,Professional Services,SME,24046.48,8992.06,2804.81,22011.63,8831.22,2964.31
TXN00506,27/04/2024,2024,4,Q2,Operations,Auckland,Hardware,SME,21226.74,13222.86,1785.25,20153.19,13215.93,1720.08
TXN01660,27/04/2024,2024,4,Q2,Sales,Tauranga,Support Services,Corporate,9979.45,3595.37,981.03,9907.88,3743.99,1024.51
TXN01685,27/04/2024,2024,4,Q2,Marketing,Tauranga,Professional Services,SME,13353.33,5399.02,1611.95,12848.12,5445.37,1551.9
TXN00436,28/04/2024,2024,4,Q2,Sales,Wellington,Consulting,SME,18760.17,7415.4,1696.43,18617.19,7254.46,1714.86
TXN01279,28/04/2024,2024,4,Q2,Sales,Auckland,Support Services,Government,16129.8,6080.4,1497.98,14700.26,5954.2,1555.86
TXN00669,29/04/2024,2024,4,Q2,Sales,Wellington,Support Services,SME,13382.42,5073.46,1090.52,13271.67,5335.03,1080.15
TXN00900,29/04/2024,2024,4,Q2,Administration,Christchurch,Professional Services,SME,17939.85,6881.71,1333.8,17161.72,6834.74,1341.9
TXN01152,29/04/2024,2024,4,Q2,IT,Wellington,Consulting,SME,26735.6,10865.48,2813.67,23972.88,10843.64,2797.36
TXN01819,29/04/2024,2024,4,Q2,Administration,Auckland,Support Services,Corporate,18095.94,6843.06,1412.37,17232.1,7211.69,1406.25
TXN01891,29/04/2024,2024,4,Q2,Customer Service,Auckland,Support Services,SME,8729.14,3252.04,737.09,7899.69,3351.1,842.68
TXN00667,30/04/2024,2024,4,Q2,Customer Service,Christchurch,Support Services,Individual,7230.02,2837.11,622.29,6517.83,2890.48,673.82
TXN01022,1/05/2024,2024,5,Q2,Marketing,Christchurch,Software,SME,7514.4,2508.08,844.25,6608.91,2673.87,852.75
TXN01174,1/05/2024,2024,5,Q2,Sales,Auckland,Support Services,Government,19627.98,7666.25,1745.85,19145.97,8006.1,1895.42
TXN01597,1/05/2024,2024,5,Q2,Administration,Auckland,Support Services,Individual,6181.79,2352.86,484.14,5905.79,2273.23,486.65
TXN01695,1/05/2024,2024,5,Q2,Operations,Christchurch,Consulting,SME,19043.73,7911.45,1401.57,20652.95,8025.97,1431.73
TXN01012,2/05/2024,2024,5,Q2,Customer Service,Hamilton,Software,SME,13739.8,4340.25,1060.65,13944.93,4152.72,1150.29
TXN01673,3/05/2024,2024,5,Q2,Marketing,Auckland,Support Services,SME,14787.45,5435.93,1722.36,14448.57,5534.25,1664.74
TXN00037,4/05/2024,2024,5,Q2,Operations,Hamilton,Support Services,Individual,12116.61,4825.81,901.99,11629.09,4701.67,944.83
TXN00767,4/05/2024,2024,5,Q2,Customer Service,Tauranga,Software,Corporate,20097.16,7443.81,1697.23,19389.88,7371.26,1835.48
TXN00795,4/05/2024,2024,5,Q2,Operations,Wellington,Software,Corporate,26898.99,8809.58,2031.45,25753.4,8809.21,2083.69
TXN01349,4/05/2024,2024,5,Q2,Sales,Auckland,Hardware,Corporate,25906.74,18120.48,2389.52,22598.63,17915.73,2346.72
TXN00815,5/05/2024,2024,5,Q2,IT,Auckland,Professional Services,Corporate,44404.72,19027.36,4018.96,41481.36,19509.2,3945.83
TXN00307,6/05/2024,2024,5,Q2,Sales,Christchurch,Hardware,SME,11402.94,7723.78,944.04,11326.32,8410.12,976.94
TXN00535,6/05/2024,2024,5,Q2,Operations,Auckland,Hardware,Government,29523.13,18846.89,2253.98,29734.02,21390.97,2472.09
TXN00662,6/05/2024,2024,5,Q2,Sales,Hamilton,Consulting,SME,17244.13,8168.1,1682.82,16670.35,8351.41,1675.96
TXN00689,6/05/2024,2024,5,Q2,Customer Service,Auckland,Training,Corporate,11944.64,5038.69,1144.25,11171.45,5082.56,1242.22
TXN01034,6/05/2024,2024,5,Q2,Administration,Auckland,Software,Corporate,25800.55,8655.45,1787.23,24204.44,8714.8,1905.7
TXN01343,6/05/2024,2024,5,Q2,Sales,Wellington,Consulting,SME,31977.37,12713.68,3183.39,30186.35,12880.9,3413.21
TXN01738,6/05/2024,2024,5,Q2,Marketing,Hamilton,Training,Individual,5213.71,2402.86,549.92,5211.64,2397.25,598.36
TXN01297,7/05/2024,2024,5,Q2,Customer Service,Auckland,Support Services,Corporate,9665.57,3382.79,782.45,8752.79,3362.78,783.75
TXN01322,7/05/2024,2024,5,Q2,IT,Christchurch,Support Services,Corporate,15078.2,5652.33,1387.82,15428.2,5513,1480.78
TXN00355,8/05/2024,2024,5,Q2,Administration,Christchurch,Hardware,Corporate,14405.72,9497.73,1223.92,14697.12,9635.44,1261.09
TXN01182,9/05/2024,2024,5,Q2,Customer Service,Auckland,Support Services,Individual,5872.04,2143.66,543.45,5507.98,2172.67,541.18
TXN01640,9/05/2024,2024,5,Q2,Customer Service,Hamilton,Training,Corporate,13948.93,6276.79,1023.81,14384.99,6139.24,1003.19
TXN01428,10/05/2024,2024,5,Q2,Administration,Tauranga,Hardware,Individual,7163.96,4887.37,539.82,7144.27,4773.42,518.49
TXN01469,10/05/2024,2024,5,Q2,Marketing,Wellington,Professional Services,Government,21551.66,8979.3,2902.36,20374.89,9739.37,3184.07
TXN01857,10/05/2024,2024,5,Q2,Customer Service,Auckland,Software,Individual,10302.31,3755.52,751.04,10001.9,3864.48,737.68
TXN00491,11/05/2024,2024,5,Q2,Customer Service,Auckland,Hardware,Corporate,26397.03,19181.45,2389.16,25621.25,19271.48,2585.64
TXN00984,11/05/2024,2024,5,Q2,Sales,Tauranga,Professional Services,Government,20875.24,8817.15,2035.77,19649.62,8671.16,2192.7
TXN00729,12/05/2024,2024,5,Q2,Administration,Auckland,Consulting,Government,18341.34,7363.44,1474.27,18199.72,7302.9,1546.67
TXN01043,12/05/2024,2024,5,Q2,Marketing,Auckland,Hardware,Government,12164.85,8202.7,1463.44,11518.21,8483.04,1587.22
TXN01430,12/05/2024,2024,5,Q2,Sales,Wellington,Consulting,Individual,16465.5,7201.98,1890.18,16584.66,7465.81,1943.46
TXN01328,13/05/2024,2024,5,Q2,Customer Service,Auckland,Consulting,Government,20412.16,8786.69,1639.33,20886.18,8932,1696.41
TXN00874,14/05/2024,2024,5,Q2,Sales,Hamilton,Software,SME,18433.03,5698.7,1821.97,17359.14,5959.03,1762.78
TXN01856,14/05/2024,2024,5,Q2,Customer Service,Auckland,Professional Services,Corporate,24350,9203.71,2291.86,23438.92,9108.92,2354.68
TXN01871,14/05/2024,2024,5,Q2,Sales,Auckland,Consulting,Individual,15838.69,6492.26,1357.29,15929.27,6458.33,1414.53
TXN00077,15/05/2024,2024,5,Q2,Administration,Hamilton,Hardware,SME,9216.77,6848.53,622.95,9279.9,6910.47,670.15
TXN01229,15/05/2024,2024,5,Q2,Customer Service,Auckland,Support Services,Corporate,10743.33,4106.08,918.28,11027.27,3918.13,946.46
TXN01704,15/05/2024,2024,5,Q2,Sales,Christchurch,Consulting,Corporate,31138.67,12523.61,2941.16,28128.57,12591.85,2894.94
TXN01879,15/05/2024,2024,5,Q2,Sales,Christchurch,Hardware,SME,15699.4,9996.66,1637.52,14907.05,9971.44,1671.32
TXN00720,16/05/2024,2024,5,Q2,Customer Service,Auckland,Hardware,Government,15680.31,11076.37,1505.03,13708.11,11489.29,1508.88
TXN00804,16/05/2024,2024,5,Q2,Customer Service,Christchurch,Software,Corporate,19212.22,6733.22,1656.49,19126.03,7001.56,1564.82
TXN01742,16/05/2024,2024,5,Q2,Sales,Tauranga,Consulting,Corporate,19031.66,8076.19,1879.7,18932.41,8343.26,1989.95
TXN00427,17/05/2024,2024,5,Q2,Sales,Christchurch,Software,Individual,10364.76,3632.32,837.96,10618.12,3565.28,902.43
TXN01330,17/05/2024,2024,5,Q2,Administration,Christchurch,Hardware,Corporate,9506.98,6255.78,757.59,9464.36,6604.78,765.79
TXN00203,18/05/2024,2024,5,Q2,Customer Service,Hamilton,Professional Services,Individual,12421.36,5081.48,1008.08,11796.61,4833.5,1033.15
TXN00460,19/05/2024,2024,5,Q2,Sales,Wellington,Consulting,Government,24905.55,10306,2552.17,25820.02,11209.98,2530.24
TXN01325,19/05/2024,2024,5,Q2,Operations,Tauranga,Hardware,Corporate,15060.12,10992.42,1095.12,14063.39,10890.08,1079.93
TXN00146,20/05/2024,2024,5,Q2,Sales,Hamilton,Hardware,Corporate,20222.27,13360.95,1928.72,20031.34,13305.74,2053.21
TXN01927,20/05/2024,2024,5,Q2,IT,Wellington,Software,Government,30296.53,10483.74,2525,31706,10567.71,2707.1
TXN00758,21/05/2024,2024,5,Q2,Sales,Christchurch,Professional Services,Corporate,22252.27,8842.59,1989.66,22617.33,8834.54,2171.81
TXN01360,21/05/2024,2024,5,Q2,Operations,Auckland,Software,Individual,11044.95,3612.6,761.03,10997.94,3872.64,724.96
TXN01398,21/05/2024,2024,5,Q2,Sales,Hamilton,Software,Corporate,22439.09,6687.89,1899.08,21442.95,6877.4,1884.8
TXN00712,22/05/2024,2024,5,Q2,Marketing,Christchurch,Consulting,Corporate,22035.22,9114.59,2949.09,21897.55,9137.52,2959.23
TXN01583,22/05/2024,2024,5,Q2,Marketing,Auckland,Consulting,Government,47150.48,19973.43,5733.73,44460.75,20367.92,6104.17
TXN01833,22/05/2024,2024,5,Q2,Administration,Christchurch,Training,SME,6496.1,2967.31,459.75,6369.2,2976.99,462.48
TXN01884,22/05/2024,2024,5,Q2,Sales,Auckland,Hardware,Government,16090.33,10267.1,1494.04,16348.96,10910.21,1421.17
TXN00162,23/05/2024,2024,5,Q2,Marketing,Auckland,Training,Government,9112.2,3781.39,1057.48,8520.13,3814.6,1103.71
TXN01870,23/05/2024,2024,5,Q2,IT,Wellington,Professional Services,Government,26103.2,11458.57,2752.23,25894.02,11751.44,2863.75
TXN00450,24/05/2024,2024,5,Q2,Marketing,Auckland,Professional Services,SME,15426.38,6135.92,2059.9,15052.15,6556.82,2004.19
TXN00950,24/05/2024,2024,5,Q2,Customer Service,Auckland,Software,SME,14477.98,4766.07,1359.26,14256.45,4905.93,1483.64
TXN01166,24/05/2024,2024,5,Q2,Operations,Auckland,Training,SME,10508.88,4956.43,785.87,10307.15,5049.44,824.97
TXN01217,24/05/2024,2024,5,Q2,Administration,Wellington,Consulting,Individual,9289.16,3725.43,712.09,9475.93,3663.65,736.62
TXN01458,24/05/2024,2024,5,Q2,Customer Service,Hamilton,Software,Government,14922.22,4900.98,1169.97,15300.87,4855.06,1223.08
TXN00796,25/05/2024,2024,5,Q2,Administration,Christchurch,Software,Government,17451.13,5977.8,1270.16,18056.36,6303.3,1278.62
TXN01515,25/05/2024,2024,5,Q2,Administration,Auckland,Hardware,Corporate,23604.54,17144.68,2019.58,22973.4,17021.39,2088.77
TXN01504,26/05/2024,2024,5,Q2,Administration,Wellington,Support Services,Individual,4973.77,1930.48,347.81,4649.7,1880.18,347.17
TXN00069,27/05/2024,2024,5,Q2,Operations,Christchurch,Software,SME,20176.62,6702.51,1439.05,20631.04,6434.85,1507.99
TXN00177,27/05/2024,2024,5,Q2,Administration,Christchurch,Hardware,Corporate,12226.14,8502.16,854.19,12252.55,8467.97,872.01
TXN00488,27/05/2024,2024,5,Q2,Sales,Wellington,Hardware,SME,7940.97,5351.32,782.37,7826.99,5453.44,820.39
TXN01778,27/05/2024,2024,5,Q2,Sales,Wellington,Consulting,SME,29585,13044.04,2684.49,27128.7,14053.94,2787.64
TXN01786,27/05/2024,2024,5,Q2,Operations,Christchurch,Hardware,Corporate,19665.72,12583.28,1681.69,18019.94,12393.78,1663.27
TXN01832,27/05/2024,2024,5,Q2,Administration,Tauranga,Support Services,SME,8617.26,3381.09,550.66,8843.16,3452.31,572.77
TXN01864,27/05/2024,2024,5,Q2,Operations,Auckland,Hardware,SME,9909.88,6820.83,759.79,9534.21,6932.26,781.82
TXN01892,27/05/2024,2024,5,Q2,Administration,Auckland,Support Services,Individual,8063.46,2933.05,705.45,8142.91,2802.57,723.55
TXN00932,28/05/2024,2024,5,Q2,Operations,Christchurch,Training,Corporate,8500.28,3710.12,680.48,8204.6,3806.5,690.29
TXN00957,28/05/2024,2024,5,Q2,Marketing,Tauranga,Software,Individual,8523.67,2924.64,1071.98,8330.92,2989.61,1101.38
TXN01622,28/05/2024,2024,5,Q2,Marketing,Christchurch,Support Services,Individual,3979.15,1479.94,450.91,3919.33,1535.89,460.66
TXN00035,30/05/2024,2024,5,Q2,Sales,Auckland,Consulting,Government,23969.48,9862.93,2189.9,22833.79,9630.41,2239.14
TXN00320,30/05/2024,2024,5,Q2,Sales,Auckland,Software,Individual,16219.14,5473.07,1736.03,15868.42,5472.81,1716.53
TXN01023,30/05/2024,2024,5,Q2,Customer Service,Auckland,Software,Individual,12471.71,4267.62,948.09,12628.42,4320.76,915.26
TXN01795,30/05/2024,2024,5,Q2,IT,Auckland,Consulting,Individual,19222.28,8528.96,1968.84,19585.16,8859.04,2123.25
TXN00614,1/06/2024,2024,6,Q2,Customer Service,Auckland,Support Services,Corporate,12125.33,4579.77,942.94,11562.36,4706.06,926.2
TXN00263,2/06/2024,2024,6,Q2,Marketing,Auckland,Software,Government,27360.8,9205.35,3413.95,27965.72,9403.61,3387.61
TXN00323,2/06/2024,2024,6,Q2,IT,Auckland,Professional Services,SME,31818.56,12731.22,3069.28,29200.5,12113.28,3124.1
TXN01103,2/06/2024,2024,6,Q2,Administration,Wellington,Support Services,SME,10429.98,4116.2,733.03,10257.85,4007.82,730.72
TXN01804,2/06/2024,2024,6,Q2,IT,Auckland,Consulting,Corporate,26477.43,11177.66,2489.13,26371.1,11503.57,2497.26
TXN00224,3/06/2024,2024,6,Q2,Sales,Wellington,Hardware,Corporate,31285.57,20781.94,2956.24,29694.14,20566.55,2997.09
TXN00775,3/06/2024,2024,6,Q2,Operations,Wellington,Hardware,SME,13320.64,8366.33,1197.25,13055.08,8669.96,1240.45
TXN00837,4/06/2024,2024,6,Q2,Customer Service,Christchurch,Hardware,SME,11402.3,7289.55,963.57,11278.08,7359.72,971.24
TXN00944,5/06/2024,2024,6,Q2,Sales,Auckland,Hardware,Corporate,28911.48,18445.31,2857.76,28210.73,18580.06,2954.6
TXN01126,5/06/2024,2024,6,Q2,Customer Service,Christchurch,Consulting,SME,17808.65,7377.38,1486.34,17843.47,7037.96,1402.29
TXN01434,5/06/2024,2024,6,Q2,Sales,Auckland,Support Services,Corporate,12393.29,4575.22,1176.08,12343.9,4422.15,1170.48
TXN00537,6/06/2024,2024,6,Q2,Sales,Wellington,Support Services,SME,13636.4,5067.93,1217.86,14051.39,5211.29,1114.93
TXN00578,6/06/2024,2024,6,Q2,Operations,Wellington,Software,SME,16853.13,6132.16,1448.32,16618.48,6129.79,1538.13
TXN00888,6/06/2024,2024,6,Q2,IT,Hamilton,Hardware,SME,11030.65,7711.13,1050.18,9990.63,8169.17,1034.62
TXN01244,6/06/2024,2024,6,Q2,Customer Service,Auckland,Consulting,Corporate,33485.56,14027.19,2619.34,32249.07,14505.84,2823.78
TXN00108,7/06/2024,2024,6,Q2,Sales,Hamilton,Software,Government,15498.09,6292.51,1478.7,14665.44,6293.24,1535.97
TXN01054,7/06/2024,2024,6,Q2,Marketing,Auckland,Software,Corporate,29599.92,9710.28,3469.32,28764.11,9900.48,3157.15
TXN01073,8/06/2024,2024,6,Q2,Customer Service,Tauranga,Software,Corporate,22682.57,7863.08,1982,24248.63,8276.38,2026.31
TXN00620,9/06/2024,2024,6,Q2,Customer Service,Auckland,Consulting,Government,18181.09,7363.28,1612.89,19228.27,7299.31,1769.77
TXN00725,9/06/2024,2024,6,Q2,Sales,Auckland,Hardware,Individual,14041.18,9950.56,1370.62,14379.15,9245.7,1378.5
TXN00865,9/06/2024,2024,6,Q2,Sales,Christchurch,Professional Services,Corporate,24244.28,9197.19,2536.12,24799.51,9169.43,2538.49
TXN00931,10/06/2024,2024,6,Q2,IT,Auckland,Professional Services,Individual,20996.24,8454.15,1968.86,21340.5,8444.01,2054.9
TXN01482,10/06/2024,2024,6,Q2,Sales,Auckland,Software,Individual,13666.9,4893.33,1226.16,14199.69,4914.21,1197.33
TXN00038,11/06/2024,2024,6,Q2,Administration,Wellington,Hardware,Corporate,21087.53,13628.45,1405.52,20277.14,13803.38,1458.73
TXN00269,11/06/2024,2024,6,Q2,Marketing,Hamilton,Software,SME,15549.08,5515.08,1834.17,15536.23,5628.03,1861.14
TXN00963,11/06/2024,2024,6,Q2,Sales,Auckland,Support Services,SME,18644.24,6941.64,2123.72,18752.59,6981.46,2373.86
TXN01195,11/06/2024,2024,6,Q2,Sales,Hamilton,Training,Corporate,19082.44,8422.74,1841.44,19144.35,8494.29,1855.04
TXN01545,11/06/2024,2024,6,Q2,Marketing,Wellington,Training,Corporate,9658.39,4238.4,1208.44,9985.32,4398.91,1220.25
TXN00724,13/06/2024,2024,6,Q2,Sales,Hamilton,Support Services,Government,13890.12,5188.96,1428.45,13114.47,5218.62,1391.73
TXN00756,13/06/2024,2024,6,Q2,Sales,Auckland,Software,SME,23747.83,7778.25,2824.39,22522.23,7521.2,2898.58
TXN00893,13/06/2024,2024,6,Q2,Operations,Christchurch,Hardware,SME,10967.82,6988.07,947.26,10514.07,7271.74,927.61
TXN01101,13/06/2024,2024,6,Q2,Sales,Hamilton,Professional Services,Corporate,24538.37,9991.42,2222.32,23159.06,10194.26,2299.37
TXN00398,15/06/2024,2024,6,Q2,Customer Service,Auckland,Support Services,SME,8719.4,3098.46,662.64,8640.23,3187.53,686.56
TXN01405,15/06/2024,2024,6,Q2,Sales,Auckland,Professional Services,Individual,16692.01,6964.7,1630.26,17673.61,6643.97,1494.23
TXN01503,15/06/2024,2024,6,Q2,Operations,Auckland,Hardware,SME,19034.29,12853.1,1269.27,17433.9,12751.63,1219.13
TXN00391,16/06/2024,2024,6,Q2,Sales,Auckland,Training,Corporate,12770.85,5709.92,924.23,12398.11,5721.73,1051.37
TXN01053,16/06/2024,2024,6,Q2,Customer Service,Auckland,Training,Individual,5965.19,2685.09,459.8,5471.91,2693.31,455.94
TXN01495,16/06/2024,2024,6,Q2,Customer Service,Hamilton,Professional Services,Government,14552.42,6237.24,1106.09,12731.54,6326.15,1080.37
TXN01118,18/06/2024,2024,6,Q2,Sales,Auckland,Support Services,SME,9922.49,4129.88,893.13,9310,4068.29,922.55
TXN00189,19/06/2024,2024,6,Q2,IT,Auckland,Professional Services,SME,20137.75,8430.82,1977.24,20233.32,8572.41,1909.41
TXN00369,19/06/2024,2024,6,Q2,Administration,Wellington,Consulting,SME,21082.14,9640.31,1470.44,17387.68,9430.45,1538.15
TXN01537,19/06/2024,2024,6,Q2,Customer Service,Wellington,Consulting,Corporate,41725.53,17776.83,4039.14,43460.33,18666.58,4036.76
TXN00432,20/06/2024,2024,6,Q2,Sales,Tauranga,Support Services,Government,12078.67,4565.86,1092.39,11771.84,5095.9,1161.98
TXN00992,21/06/2024,2024,6,Q2,Sales,Tauranga,Software,Corporate,14724.09,5085.26,1300.1,14015.96,5260.78,1341.3
TXN01771,21/06/2024,2024,6,Q2,Administration,Auckland,Software,Government,28289.01,8464.34,2034.04,28424.94,8867.98,1932.37
TXN01940,21/06/2024,2024,6,Q2,Customer Service,Auckland,Professional Services,SME,19401.98,7714.48,1493.42,19729.83,8100.16,1603.37
TXN00920,23/06/2024,2024,6,Q2,Customer Service,Christchurch,Support Services,SME,9854.27,3724.39,924.23,9271.46,3883.14,908.1
TXN01038,23/06/2024,2024,6,Q2,Sales,Wellington,Consulting,SME,35584.24,14461.66,3619.53,33476,15207.68,3903.31
TXN01233,23/06/2024,2024,6,Q2,Customer Service,Auckland,Training,SME,11823.72,5446.3,1036.62,10044.61,5465.4,1085.08
TXN00131,24/06/2024,2024,6,Q2,IT,Christchurch,Support Services,Government,14272.36,5496.77,1433.41,13313.28,5383.37,1398
TXN01269,24/06/2024,2024,6,Q2,Customer Service,Hamilton,Training,SME,7982.9,3609.92,746.95,7761.85,3740.06,732.02
TXN01087,25/06/2024,2024,6,Q2,Operations,Christchurch,Consulting,Government,19885.74,7606.55,1575.19,20266.67,7853.05,1698.01
TXN00197,26/06/2024,2024,6,Q2,Marketing,Wellington,Software,Corporate,22265.79,7540.45,2694.86,22802.11,8020.44,2888.97
TXN01332,26/06/2024,2024,6,Q2,Marketing,Tauranga,Hardware,Individual,6541.52,4741.8,762.93,5833.53,4955.38,739.06
TXN01468,26/06/2024,2024,6,Q2,Customer Service,Hamilton,Consulting,Corporate,23057.67,10042.46,2011.5,23978.22,10371.11,2037.08
TXN01868,27/06/2024,2024,6,Q2,Customer Service,Christchurch,Hardware,Corporate,12758.03,8627.44,1094.45,13347.06,8786.76,1143.41
TXN01980,27/06/2024,2024,6,Q2,IT,Auckland,Software,SME,16578.34,5257.95,1521.85,15925.77,5481.63,1506.07
TXN00072,28/06/2024,2024,6,Q2,Sales,Hamilton,Support Services,Corporate,13309.55,4927.19,1263.94,12992.52,5125.98,1173.98
TXN00238,28/06/2024,2024,6,Q2,Marketing,Auckland,Hardware,Corporate,19458.38,13094.02,2444,18584.89,13787.23,2620.62
TXN00333,28/06/2024,2024,6,Q2,Operations,Auckland,Software,Corporate,33774.59,11021.63,2173.92,30358.31,10931.31,2229.11
TXN01246,29/06/2024,2024,6,Q2,Administration,Auckland,Hardware,Corporate,24140.89,17794.17,1730.94,23018.46,17370.9,1879.75
TXN01625,29/06/2024,2024,6,Q2,Sales,Christchurch,Consulting,Corporate,21905.8,8604.67,2333,20801.84,8802.29,2269.71
TXN00289,30/06/2024,2024,6,Q2,IT,Auckland,Training,Corporate,15968.11,6894.38,1834.17,14630.14,7159.53,1848.82
TXN01130,30/06/2024,2024,6,Q2,Sales,Auckland,Training,SME,12200.39,5489.36,1199.58,12241.62,6092.12,1329.77
TXN00864,2/07/2024,2024,7,Q3,Sales,Auckland,Professional Services,Corporate,21945.85,8834.79,1939.48,21079.5,9289.76,2015.04
TXN01392,2/07/2024,2024,7,Q3,Administration,Tauranga,Software,Corporate,16787.92,5933.67,1149.91,16483.91,6298.87,1183.65
TXN00093,3/07/2024,2024,7,Q3,Sales,Hamilton,Professional Services,Corporate,21027.33,8331.89,1946.9,20253.14,7679.03,2076.16
TXN00536,3/07/2024,2024,7,Q3,Operations,Auckland,Training,SME,11949.03,5387.77,875.52,12033.8,5811.01,870.39
TXN00846,3/07/2024,2024,7,Q3,Customer Service,Hamilton,Professional Services,SME,15746.94,6582.41,1228.96,14762.77,6635.55,1290.84
TXN00474,5/07/2024,2024,7,Q3,Customer Service,Hamilton,Support Services,SME,7368.23,2932.05,668.57,7221.16,3031.87,698.61
TXN00196,6/07/2024,2024,7,Q3,Operations,Auckland,Hardware,SME,15754.79,10990.93,1135.63,15355.78,11932.4,1100.91
TXN00487,6/07/2024,2024,7,Q3,Administration,Christchurch,Software,Corporate,12125.64,4168.24,854.34,11595.59,4099.65,836.47
TXN01096,6/07/2024,2024,7,Q3,Customer Service,Hamilton,Hardware,SME,10875.32,6787.98,923.55,10738.24,7053.69,970.49
TXN00054,7/07/2024,2024,7,Q3,Customer Service,Auckland,Professional Services,Corporate,19963.43,8059.38,1513.88,18727.94,8478.45,1645.57
TXN00308,7/07/2024,2024,7,Q3,Sales,Hamilton,Software,Corporate,22359.13,7449.7,2194.56,21876.26,7515.4,2125.66
TXN00347,7/07/2024,2024,7,Q3,Customer Service,Auckland,Hardware,Corporate,27876.37,19166.33,2554.35,29472.52,20344.46,2567.74
TXN00475,7/07/2024,2024,7,Q3,Sales,Christchurch,Support Services,Individual,5957.01,2387.99,557.33,5821.82,2436.79,607.42
TXN01937,7/07/2024,2024,7,Q3,Sales,Christchurch,Support Services,SME,9876.61,3512.23,944.15,10203.33,3556.7,917.25
TXN01973,7/07/2024,2024,7,Q3,Sales,Auckland,Software,Corporate,42188.61,15740.22,3859.86,38972.64,16134.01,3917.34
TXN00441,8/07/2024,2024,7,Q3,Customer Service,Christchurch,Hardware,SME,15113.2,9380.53,1383.02,14734.71,9233.28,1423.5
TXN00465,8/07/2024,2024,7,Q3,Administration,Wellington,Consulting,SME,25008.96,10991.25,1907.94,23921.36,12078.68,1798.76
TXN01276,8/07/2024,2024,7,Q3,Sales,Wellington,Professional Services,Government,22814.62,9480.95,2364.13,22789.89,9703.26,2321.44
TXN01033,9/07/2024,2024,7,Q3,Marketing,Hamilton,Support Services,Government,9667.15,4065.88,1280.36,9302.84,4417.85,1272.75
TXN01723,9/07/2024,2024,7,Q3,IT,Auckland,Support Services,Corporate,17775.06,6970.63,1789.05,18237.86,6868.68,1628.69
TXN01677,10/07/2024,2024,7,Q3,Customer Service,Hamilton,Consulting,Corporate,29874.43,13244.83,2446.3,30107.4,14235.95,2519.16
TXN00272,11/07/2024,2024,7,Q3,Sales,Tauranga,Training,Corporate,10424.88,4575.53,956.39,9305.33,4482.02,1018.98
TXN00618,11/07/2024,2024,7,Q3,Marketing,Auckland,Professional Services,SME,18988.11,7863.35,2226.74,17942.49,8154.31,2150.44
TXN00996,11/07/2024,2024,7,Q3,Administration,Auckland,Software,Individual,11589.28,4266.73,806.53,10504.5,4087.2,784.5
TXN01445,11/07/2024,2024,7,Q3,Sales,Wellington,Support Services,SME,11534.78,4454.4,1136.45,10774.28,4446.44,1206.06
TXN00050,14/07/2024,2024,7,Q3,Sales,Christchurch,Consulting,Government,32231.71,13623.16,2628.01,31413.13,14108.94,2726.77
TXN00871,14/07/2024,2024,7,Q3,Operations,Auckland,Support Services,Corporate,14633.22,5776.22,1173.51,14718.73,5970.99,1194.16
TXN01900,14/07/2024,2024,7,Q3,Marketing,Christchurch,Hardware,SME,11679.05,7317.05,1379.98,11463.35,7779.77,1430.74
TXN00004,15/07/2024,2024,7,Q3,Administration,Auckland,Hardware,Corporate,14692.25,9709.94,1159.21,14567.83,9642.51,1144.98
TXN00494,15/07/2024,2024,7,Q3,Customer Service,Auckland,Training,Corporate,12019.7,5423.81,1070.16,12402.11,5786.53,1148.61
TXN00700,15/07/2024,2024,7,Q3,Operations,Christchurch,Professional Services,Government,27798.19,10972.02,2126.33,27942.01,11005.08,2134.02
TXN00805,15/07/2024,2024,7,Q3,Sales,Auckland,Professional Services,Corporate,39019.7,15033.91,4085,40584.33,15036.53,4049.18
TXN00257,16/07/2024,2024,7,Q3,Customer Service,Auckland,Software,Corporate,19031.78,6558.54,1735.47,17621.17,6708.39,1874.73
TXN00568,16/07/2024,2024,7,Q3,Customer Service,Wellington,Software,Government,20313.04,7136.48,1611.57,20521.54,6986.62,1597.62
TXN01089,16/07/2024,2024,7,Q3,IT,Tauranga,Hardware,SME,8011.9,5577.33,671.19,7403.83,5400.82,707.07
TXN01582,16/07/2024,2024,7,Q3,Operations,Auckland,Professional Services,Corporate,27382.55,10587.22,2398.65,27453.56,11220.33,2440.1
TXN01637,16/07/2024,2024,7,Q3,Sales,Auckland,Professional Services,Corporate,28147.86,10773.19,3039.7,28940.22,11125.5,3047.26
TXN01761,16/07/2024,2024,7,Q3,Customer Service,Wellington,Professional Services,Government,29259.72,11990.13,2829.61,29946.82,12334.46,2823.5
TXN01373,17/07/2024,2024,7,Q3,IT,Auckland,Support Services,Corporate,13948.46,5368.87,1484.21,14029.55,5751.67,1374.35
TXN01606,17/07/2024,2024,7,Q3,Administration,Auckland,Professional Services,Individual,12933.24,5641.46,1075.3,12512.04,5747.14,1035.75
TXN01639,17/07/2024,2024,7,Q3,Administration,Auckland,Professional Services,Corporate,26863.42,10787.95,1980.09,24232.13,10705.89,2084.19
TXN01811,17/07/2024,2024,7,Q3,Sales,Wellington,Hardware,Corporate,20499.56,13624.82,2137.89,18901.26,14833.49,2180.53
TXN00331,18/07/2024,2024,7,Q3,Sales,Christchurch,Consulting,Corporate,34117.6,13652.18,3452.01,30600.66,13770.09,3582.4
TXN00592,18/07/2024,2024,7,Q3,Operations,Tauranga,Training,Individual,3366.98,1517.33,315.75,3177.33,1555.64,334.07
TXN00989,18/07/2024,2024,7,Q3,Sales,Christchurch,Training,Corporate,8412.1,3699.55,800.17,8935.06,3921.26,737.64
TXN01010,18/07/2024,2024,7,Q3,Operations,Christchurch,Software,SME,21810.33,7498.36,1725.36,21721.42,7391.4,1740.06
TXN01836,18/07/2024,2024,7,Q3,Sales,Auckland,Hardware,SME,25285.35,17468.01,2330.14,23884.29,17433.03,2257.7
TXN00424,19/07/2024,2024,7,Q3,Sales,Hamilton,Hardware,Government,16660,11755.68,1337.61,16065.02,12020.7,1347.08
TXN01107,19/07/2024,2024,7,Q3,Customer Service,Tauranga,Hardware,Government,16913.79,11227.24,1656.81,16104.52,12256.19,1698.39
TXN00296,20/07/2024,2024,7,Q3,Administration,Tauranga,Hardware,Corporate,14093.06,9210.91,1103.77,14346.29,9104.62,1162.48
TXN00612,20/07/2024,2024,7,Q3,IT,Auckland,Support Services,Government,17544.6,6714.73,1693.77,16756.76,7044.06,1632.06
TXN01121,20/07/2024,2024,7,Q3,Sales,Wellington,Hardware,Corporate,15838.74,9982.87,1616.09,15883.3,10491.03,1643.18
TXN01493,20/07/2024,2024,7,Q3,Administration,Wellington,Software,SME,17634.39,6082.29,1394.12,16534.52,6144.85,1385.3
TXN00417,21/07/2024,2024,7,Q3,Administration,Christchurch,Consulting,Individual,14528.57,6441.97,1207.2,14735.95,6416.09,1152.03
TXN00926,21/07/2024,2024,7,Q3,Sales,Christchurch,Support Services,Corporate,10474.27,4030.15,1100.1,9737.29,3901.25,1147.15
TXN01427,21/07/2024,2024,7,Q3,Operations,Auckland,Support Services,SME,7585.16,3066.36,618.51,6928.9,3043.02,610.06
TXN01201,22/07/2024,2024,7,Q3,Sales,Auckland,Support Services,SME,9266.01,3565.9,880.2,8895.66,3637.76,912.49
TXN00934,23/07/2024,2024,7,Q3,Administration,Christchurch,Consulting,Corporate,48180.8,21273.28,4089.56,45493.21,20137.79,4468.54
TXN01028,23/07/2024,2024,7,Q3,Customer Service,Wellington,Software,SME,19565.39,6538.75,1748.54,17347.74,6686.62,1704.89
TXN01573,23/07/2024,2024,7,Q3,Administration,Wellington,Professional Services,Corporate,20692.62,8192.9,1428.94,20102.3,8454.73,1534.96
TXN00268,24/07/2024,2024,7,Q3,Operations,Tauranga,Professional Services,Individual,9692.19,3801.66,734.77,9490.14,3884.39,706.61
TXN00411,25/07/2024,2024,7,Q3,Customer Service,Wellington,Software,SME,17495.72,6334.14,1397.96,15624.88,6372.47,1505.14
TXN00549,25/07/2024,2024,7,Q3,Operations,Hamilton,Hardware,Corporate,13996.86,8954.95,1122.93,13298.75,7930.29,1195.06
TXN01442,25/07/2024,2024,7,Q3,Marketing,Hamilton,Consulting,Individual,10772.22,4588.5,1229.17,10053.85,4478.63,1226.48
TXN00399,26/07/2024,2024,7,Q3,Sales,Hamilton,Software,SME,16706.28,5448.04,1494.16,16433.11,5803.61,1454.47
TXN01478,26/07/2024,2024,7,Q3,Customer Service,Auckland,Consulting,Individual,11011.13,4266.33,847.3,10612.06,4213.13,847.77
TXN00381,27/07/2024,2024,7,Q3,Marketing,Hamilton,Consulting,SME,18959.28,8327.05,2151.17,18380.21,8554.52,2239.77
TXN00817,27/07/2024,2024,7,Q3,Customer Service,Hamilton,Consulting,Corporate,23268.08,9651.01,1702.58,23317.26,9851.03,1615.46
TXN00827,27/07/2024,2024,7,Q3,Operations,Wellington,Training,SME,13608.76,6276.45,1149.32,13331.87,6177.85,1109.33
TXN01496,27/07/2024,2024,7,Q3,Sales,Wellington,Professional Services,Corporate,27579.49,10121.36,2441.99,25613.61,10522.65,2300.03
TXN01063,28/07/2024,2024,7,Q3,Sales,Christchurch,Professional Services,Government,20823.42,8264.25,1805.97,21290.4,8096.51,1839.58
TXN00202,30/07/2024,2024,7,Q3,Administration,Christchurch,Consulting,SME,14849.39,6383.28,1216.04,14167.24,6811.41,1181.34
TXN00144,31/07/2024,2024,7,Q3,IT,Wellington,Consulting,SME,19230.58,8363.7,1607.88,18160.37,8276.82,1680.99
TXN00276,31/07/2024,2024,7,Q3,IT,Wellington,Hardware,Corporate,20286.99,13973.34,2296.8,19182.55,14881.63,2418.03
TXN00806,31/07/2024,2024,7,Q3,Marketing,Wellington,Hardware,SME,13664.57,9244.12,1766.15,13520.61,9294.45,1822.87
TXN01566,1/08/2024,2024,8,Q3,IT,Wellington,Support Services,Corporate,13516.64,5426.33,1219.63,13589.18,5379.53,1216.15
TXN01662,1/08/2024,2024,8,Q3,Administration,Christchurch,Software,Individual,12504.59,4326.32,959.53,11928.63,4362.46,976.03
TXN00744,2/08/2024,2024,8,Q3,Customer Service,Tauranga,Consulting,Corporate,29649.5,12221.05,2730.94,27232.39,12124.33,2676.4
TXN01769,2/08/2024,2024,8,Q3,Operations,Christchurch,Consulting,Corporate,33844.65,13548.32,3002.55,32849.28,13199.58,3425.98
TXN00705,3/08/2024,2024,8,Q3,Marketing,Auckland,Hardware,SME,13904.14,9306.46,1506.54,13375.13,9117.46,1490.75
TXN01211,3/08/2024,2024,8,Q3,Customer Service,Hamilton,Hardware,Individual,6208.44,3903.76,502.51,6506.42,3940.15,503.41
TXN01301,3/08/2024,2024,8,Q3,Administration,Tauranga,Support Services,SME,11274.91,4493.95,843.62,11733.25,4584.17,879.83
TXN01347,3/08/2024,2024,8,Q3,Customer Service,Wellington,Consulting,Corporate,41399.18,17584.04,3643.32,40287.67,17750.25,3759.22
TXN01711,3/08/2024,2024,8,Q3,Operations,Auckland,Support Services,Government,17031.66,6608.59,1288.96,15487.8,6453.34,1301.52
TXN00013,4/08/2024,2024,8,Q3,Customer Service,Hamilton,Support Services,Government,9282.53,3289.1,885.66,8703.28,3364.52,910.94
TXN00206,4/08/2024,2024,8,Q3,Marketing,Auckland,Hardware,SME,19642.59,13980.94,2789.06,19261.16,14485.97,2960.91
TXN00739,4/08/2024,2024,8,Q3,Customer Service,Tauranga,Support Services,Corporate,11605.95,4593.67,1020.41,11011.26,4904.72,1079.49
TXN01436,4/08/2024,2024,8,Q3,Operations,Auckland,Hardware,Government,21489.8,13213.57,1787.07,20300.2,13551.81,1791.45
TXN01441,4/08/2024,2024,8,Q3,IT,Wellington,Consulting,Government,29590.76,12866.92,2753.34,29990.56,13559.85,2836.91
TXN01511,5/08/2024,2024,8,Q3,Sales,Auckland,Hardware,SME,20655.53,14447.97,2292.94,20911.59,14510.94,2404.58
TXN01541,5/08/2024,2024,8,Q3,Administration,Auckland,Software,Corporate,33270.71,10815.19,2499.97,29558.02,11462.64,2701.48
TXN00687,6/08/2024,2024,8,Q3,Sales,Christchurch,Hardware,Individual,10294.06,7611.2,912.71,10077.6,7650.64,976.55
TXN01443,8/08/2024,2024,8,Q3,Sales,Wellington,Professional Services,Corporate,24180.8,9103.64,2497.33,22495.54,9311.64,2424.87
TXN01060,9/08/2024,2024,8,Q3,Customer Service,Hamilton,Software,Individual,9235.24,3131.5,869.8,8902.39,3243.2,926.43
TXN01629,9/08/2024,2024,8,Q3,Administration,Auckland,Professional Services,SME,18174.2,7517.26,1552.95,18368.66,8166.36,1548.45
TXN01807,9/08/2024,2024,8,Q3,Customer Service,Tauranga,Professional Services,SME,18254.77,7179.68,1210.21,18411.37,6905.48,1228.47
TXN00373,10/08/2024,2024,8,Q3,Administration,Christchurch,Training,Corporate,14234.2,5847.03,981.65,13359.81,5837.29,994.31
TXN01040,10/08/2024,2024,8,Q3,Sales,Wellington,Software,Corporate,19973.4,7391.19,1772.64,21488.69,7324.94,1790.6
TXN01753,10/08/2024,2024,8,Q3,Customer Service,Christchurch,Consulting,SME,20455.19,8360.45,2209.16,20016.5,8266.92,2354.56
TXN01386,11/08/2024,2024,8,Q3,IT,Christchurch,Hardware,SME,17573.93,12750.37,1759.03,17104.99,12508.23,1798.67
TXN01794,11/08/2024,2024,8,Q3,Administration,Wellington,Software,Corporate,22878.19,8008.51,1422.86,22860.26,7777.44,1391.93
TXN00773,12/08/2024,2024,8,Q3,Customer Service,Wellington,Consulting,SME,17915.75,7847.26,1576.26,16605.1,7342.74,1578.67
TXN00306,13/08/2024,2024,8,Q3,Sales,Wellington,Training,SME,15600.09,7055.49,1279.59,16359.13,6864.65,1281
TXN00353,13/08/2024,2024,8,Q3,Sales,Wellington,Hardware,Government,20919.59,14173.59,1698.44,18716.43,14892.09,1758.45
TXN00478,13/08/2024,2024,8,Q3,Operations,Auckland,Software,SME,20286.51,6964.18,1719.25,19388.16,7368.7,1767.22
TXN01926,13/08/2024,2024,8,Q3,IT,Wellington,Software,Government,20763.33,7135.21,1952.15,19266.28,7293.41,1946.36
TXN00086,14/08/2024,2024,8,Q3,Customer Service,Auckland,Training,Government,11544.38,5052.63,1008.38,11156.8,4950.76,1034.6
TXN00850,14/08/2024,2024,8,Q3,Marketing,Auckland,Software,SME,16033.31,5526.91,2168.43,15696.48,5637.02,2171.64
TXN01524,15/08/2024,2024,8,Q3,Sales,Wellington,Consulting,Government,24324.6,10257.97,2413.32,22413.14,10228.34,2420.79
TXN00127,17/08/2024,2024,8,Q3,Sales,Auckland,Software,Government,20689.04,6621.46,1896.48,20754.62,6823.58,2070.36
TXN01498,17/08/2024,2024,8,Q3,Operations,Auckland,Support Services,Government,10251.79,3843.03,791.22,9186.81,3925.74,804.46
TXN01827,17/08/2024,2024,8,Q3,Operations,Auckland,Support Services,SME,9198.8,3500.28,813.19,8759.45,3582.22,826.96
TXN00351,20/08/2024,2024,8,Q3,Administration,Wellington,Hardware,Corporate,14968.84,11212.26,1133.26,15244.59,11234.26,1209.95
TXN00825,20/08/2024,2024,8,Q3,IT,Auckland,Support Services,Corporate,27377.32,10283.22,2706.88,26467.12,10312.65,2740.18
TXN01703,20/08/2024,2024,8,Q3,Customer Service,Hamilton,Support Services,SME,7829.66,3044.8,758.78,7392.29,3092.12,745.79
TXN01860,20/08/2024,2024,8,Q3,Marketing,Christchurch,Software,Corporate,14701.49,4931.42,1729.55,13219.31,5003.98,1938.09
TXN00089,21/08/2024,2024,8,Q3,Operations,Hamilton,Hardware,Government,12098.53,8198.82,1159.67,11496.88,8021.7,1201.38
TXN00977,21/08/2024,2024,8,Q3,Operations,Auckland,Professional Services,Corporate,25622.22,9752.73,1837.96,25525.76,10540.87,1800.05
TXN01464,21/08/2024,2024,8,Q3,Marketing,Hamilton,Hardware,Corporate,10712.6,7189.08,1386.69,10218.18,7152.27,1472.28
TXN01617,21/08/2024,2024,8,Q3,Marketing,Hamilton,Professional Services,Corporate,16225.5,6750.92,1747.02,15399.68,6647.39,1807.39
TXN01285,22/08/2024,2024,8,Q3,Customer Service,Auckland,Hardware,SME,13853.77,9177.62,1237.51,13820.4,9213.4,1393.05
TXN00832,23/08/2024,2024,8,Q3,Operations,Wellington,Consulting,Government,18968.67,8280.85,1538.04,17538.14,8268.91,1549.64
TXN01466,23/08/2024,2024,8,Q3,Sales,Auckland,Consulting,SME,30491.91,13960.67,3225.96,28177.69,13574.87,3490.55
TXN00696,24/08/2024,2024,8,Q3,Sales,Wellington,Software,SME,22991.23,7731.71,2271.66,21900.2,8245.41,2317.6
TXN00857,25/08/2024,2024,8,Q3,Operations,Wellington,Software,Corporate,16143.92,5763.07,1358.01,16115.28,6314.08,1363.87
TXN01530,27/08/2024,2024,8,Q3,Customer Service,Christchurch,Hardware,Corporate,10817.79,7416.74,888.02,10147.97,7440.14,962.13
TXN00906,28/08/2024,2024,8,Q3,Operations,Wellington,Hardware,Individual,7465.71,5445.32,602.83,7399.64,5433.68,667.51
TXN01575,28/08/2024,2024,8,Q3,Sales,Wellington,Professional Services,Government,28963.56,11708.11,2400.76,27981.3,11316.52,2345.76
TXN01914,28/08/2024,2024,8,Q3,Sales,Hamilton,Software,SME,15932.71,5147.36,1557.83,14933.77,5398.69,1669.23
TXN00113,29/08/2024,2024,8,Q3,Operations,Auckland,Hardware,Corporate,18315.16,13669.84,1527.61,16234.51,14030.28,1562.45
TXN00250,29/08/2024,2024,8,Q3,Marketing,Auckland,Professional Services,Government,24933.92,9745.73,3104.32,22581.92,9766.23,3117.91
TXN01190,29/08/2024,2024,8,Q3,Operations,Hamilton,Consulting,Individual,11530.98,5000.36,905.85,11479.7,4824.66,893.36
TXN01346,29/08/2024,2024,8,Q3,Sales,Hamilton,Software,Corporate,24858.28,8327.49,2778.54,24584.88,8784.15,3049.63
TXN01931,29/08/2024,2024,8,Q3,Operations,Wellington,Support Services,Corporate,9040.73,3631.22,653.68,9257.6,3930.92,674.9
TXN01587,30/08/2024,2024,8,Q3,Sales,Wellington,Support Services,SME,8341.67,3088.94,794.31,8136.95,3272.87,773.55
TXN01013,31/08/2024,2024,8,Q3,IT,Christchurch,Hardware,Individual,7317.07,5134.35,791.26,6980.22,5288.64,792.73
TXN01245,31/08/2024,2024,8,Q3,Operations,Christchurch,Professional Services,SME,15181.36,5924.03,1307.93,15717.93,6086.81,1396.35
TXN01646,31/08/2024,2024,8,Q3,IT,Auckland,Professional Services,SME,25559.84,10117.26,2536.85,26358.04,10649.02,2712.98
TXN01749,31/08/2024,2024,8,Q3,Operations,Auckland,Support Services,Corporate,15505.89,5815.91,1209.98,15488.64,5643.03,1245.86
TXN00110,1/09/2024,2024,9,Q3,Operations,Hamilton,Consulting,Government,30474.46,12388.17,2400.02,30878.64,11461.87,2399.75
TXN00602,1/09/2024,2024,9,Q3,Marketing,Hamilton,Training,Government,7950.59,3801.2,958.15,7675.17,3983.21,979.83
TXN01718,1/09/2024,2024,9,Q3,Marketing,Tauranga,Consulting,SME,16262.45,6646.11,2031.26,16299.89,6581.41,2019.74
TXN01909,1/09/2024,2024,9,Q3,Sales,Wellington,Training,Individual,6580.5,2762.82,598.04,6552.88,2900.65,580.67
TXN00168,2/09/2024,2024,9,Q3,Marketing,Hamilton,Hardware,SME,10545.8,6860.35,1147.15,10184.66,7514.79,1254.67
TXN01861,2/09/2024,2024,9,Q3,Customer Service,Wellington,Consulting,Corporate,26323.71,10731.59,2410.45,24462.71,11244.94,2451.5
TXN01977,3/09/2024,2024,9,Q3,IT,Wellington,Software,SME,19185.28,6798.49,1941.58,18713.5,7004.95,1816.23
TXN00258,4/09/2024,2024,9,Q3,Operations,Christchurch,Software,Government,20331.33,6694.06,1769.2,21382.25,6792.14,1682.93
TXN01111,4/09/2024,2024,9,Q3,Customer Service,Hamilton,Consulting,Corporate,21056.32,9075.43,1858.67,19413.39,8801.08,1970.14
TXN01624,4/09/2024,2024,9,Q3,Customer Service,Wellington,Software,Corporate,19695.49,6385.32,1751.11,18270.79,6502.37,1812.72
TXN00141,5/09/2024,2024,9,Q3,Sales,Tauranga,Software,Corporate,19919.62,6658.26,1747.5,19637.25,6240.14,1871.93
TXN01194,5/09/2024,2024,9,Q3,Sales,Auckland,Support Services,SME,12930.98,4734.92,1096.68,12167.4,4785.27,1068.49
TXN01169,7/09/2024,2024,9,Q3,Administration,Christchurch,Consulting,SME,23580.19,10117.35,1919.88,22279.33,10233.49,2104.95
TXN01270,7/09/2024,2024,9,Q3,Administration,Hamilton,Consulting,Corporate,27768.04,10991.59,2275.2,28328.76,10538.75,2359.6
TXN01412,8/09/2024,2024,9,Q3,Sales,Auckland,Training,Government,12324.26,5683.48,1262.87,11025.52,5569.17,1277.62
TXN01747,8/09/2024,2024,9,Q3,Sales,Auckland,Training,SME,14389,6765.75,1301.14,13512.32,6901,1383.35
TXN00180,9/09/2024,2024,9,Q3,Administration,Auckland,Software,Government,26624.53,8714.78,1965.99,26345.34,9107.23,2007.79
TXN00644,9/09/2024,2024,9,Q3,Sales,Auckland,Training,SME,14473.21,6716.06,1322.62,13637.81,6475.25,1373.92
TXN01088,9/09/2024,2024,9,Q3,IT,Wellington,Support Services,Individual,10106.89,3822.9,1011.05,9669,3822.8,1072.45
TXN01500,10/09/2024,2024,9,Q3,Administration,Christchurch,Consulting,SME,17412.7,6840.02,1255.36,16882.77,7187.67,1269.42
TXN01821,10/09/2024,2024,9,Q3,Operations,Wellington,Support Services,SME,13492,4973.61,986.53,12819.13,4971.26,974.5
TXN00212,11/09/2024,2024,9,Q3,Marketing,Christchurch,Support Services,Government,18352.9,7425.49,2121.09,17215.2,7228.59,2150.83
TXN00360,11/09/2024,2024,9,Q3,Sales,Auckland,Support Services,Individual,13895.77,5617.72,1374.16,13802.37,6046.3,1389.12
TXN00852,11/09/2024,2024,9,Q3,Customer Service,Auckland,Software,Individual,10520.57,3682.73,852.63,10231.16,3708.36,895.99
TXN00337,12/09/2024,2024,9,Q3,Customer Service,Wellington,Training,Corporate,11793.9,5682.03,844.56,11735.38,5610.88,829
TXN01081,12/09/2024,2024,9,Q3,Sales,Hamilton,Training,Individual,4940.07,2144.06,403.07,4823.99,2256.88,398.97
TXN01845,12/09/2024,2024,9,Q3,IT,Auckland,Hardware,Corporate,23742.35,15811.08,2520.68,21693.66,16481.67,2642.09
TXN01619,13/09/2024,2024,9,Q3,Sales,Wellington,Professional Services,Government,44325.79,18241.06,4130.36,38710.39,18083.32,3931.13
TXN01955,13/09/2024,2024,9,Q3,Operations,Tauranga,Software,Corporate,16388.55,5961.15,1272.9,15992.82,5705.64,1301.43
TXN00024,14/09/2024,2024,9,Q3,Customer Service,Hamilton,Software,SME,19736.22,6424.34,1661.02,20600.35,6295.56,1669.04
TXN00457,14/09/2024,2024,9,Q3,Operations,Hamilton,Training,Corporate,9717.24,4621.43,716.48,9101.37,4611.72,746.15
TXN01331,14/09/2024,2024,9,Q3,Marketing,Wellington,Hardware,Corporate,12709.12,8253.67,1512.59,11898.33,7510.65,1639.15
TXN01647,14/09/2024,2024,9,Q3,Customer Service,Auckland,Software,SME,22055.15,7586.82,1748.57,22991.23,7505.25,1675.43
TXN01026,15/09/2024,2024,9,Q3,Sales,Auckland,Consulting,Individual,18517.53,7759.97,1857.63,18159.61,7773.07,1980.32
TXN01514,15/09/2024,2024,9,Q3,Sales,Christchurch,Software,SME,25920.05,9742.97,2541.99,24116.07,9859.04,2623.31
TXN01809,15/09/2024,2024,9,Q3,Customer Service,Auckland,Support Services,Government,13055.5,4831.26,1081.22,12482.58,4968.76,1081.54
TXN00328,16/09/2024,2024,9,Q3,Customer Service,Christchurch,Training,SME,6725.07,3152.43,594.69,5800.34,3305.95,625.37
TXN01896,16/09/2024,2024,9,Q3,IT,Auckland,Consulting,Individual,13045.87,5196.47,1229.86,13099.45,4960.99,1210.85
TXN00645,17/09/2024,2024,9,Q3,Sales,Christchurch,Support Services,Corporate,17157.51,6303.66,1290.74,18125.6,6632.37,1341.44
TXN01207,18/09/2024,2024,9,Q3,Customer Service,Christchurch,Professional Services,Corporate,23709.94,9469.58,1712.09,21735.48,9191.25,1699.46
TXN01339,18/09/2024,2024,9,Q3,Operations,Christchurch,Software,SME,18909.51,6363.41,1372.32,19072.85,6704.84,1415.2
TXN00045,19/09/2024,2024,9,Q3,Administration,Auckland,Support Services,Government,10330.09,3729.24,634.58,9433.53,3910.24,686.12
TXN00243,19/09/2024,2024,9,Q3,Administration,Christchurch,Software,SME,14633.4,4578.58,1190.82,13814.92,4772.32,1259.54
TXN00277,19/09/2024,2024,9,Q3,IT,Wellington,Professional Services,Corporate,24223.85,9496.09,2465.52,24858.64,9076.47,2575.27
TXN00826,20/09/2024,2024,9,Q3,Sales,Hamilton,Training,SME,6958.75,3025.01,709.75,6985.86,3102.6,732.32
TXN01480,20/09/2024,2024,9,Q3,IT,Tauranga,Hardware,SME,12671.45,8205.77,1273.99,12653.98,8615.46,1268.61
TXN00882,21/09/2024,2024,9,Q3,Sales,Auckland,Professional Services,SME,28360.66,11819.13,2507.9,27740.19,11438.21,2493.55
TXN00659,22/09/2024,2024,9,Q3,Sales,Auckland,Software,Government,21795.55,7910.92,1743.07,21091.35,8022.13,1867.83
TXN00840,22/09/2024,2024,9,Q3,Customer Service,Hamilton,Professional Services,SME,13943.54,5440.82,1269.37,12632.6,5927.31,1315.84
TXN01460,22/09/2024,2024,9,Q3,IT,Wellington,Hardware,Corporate,28758.38,20125.01,3024.51,28156.11,20780.18,3028.7
TXN01618,22/09/2024,2024,9,Q3,Administration,Wellington,Consulting,Individual,16990.22,7304.19,1188.57,16414.89,7668.3,1228.06
TXN01780,22/09/2024,2024,9,Q3,Sales,Hamilton,Consulting,Corporate,21854.87,9299.1,2416.42,21057.65,9000.97,2422.63
TXN00833,23/09/2024,2024,9,Q3,Administration,Auckland,Software,SME,18623.66,5744,1405.18,18234.03,5950.11,1396.67
TXN00917,23/09/2024,2024,9,Q3,Operations,Christchurch,Hardware,SME,11232.77,7822.33,907.42,10780.97,7931.11,963.93
TXN00991,23/09/2024,2024,9,Q3,Operations,Auckland,Professional Services,SME,17467.94,6924.05,1394.04,15193.2,6602.91,1478.42
TXN00125,25/09/2024,2024,9,Q3,Administration,Christchurch,Software,SME,13313.16,4638.55,1020.55,12444.26,4165.12,1085.59
TXN00215,25/09/2024,2024,9,Q3,Sales,Tauranga,Professional Services,SME,13973.33,5617.66,1216.64,12818.94,5863.97,1210.33
TXN00529,25/09/2024,2024,9,Q3,Sales,Wellington,Hardware,SME,17598.32,10896.87,1724.47,17857.33,10998.83,1776.91
TXN01452,25/09/2024,2024,9,Q3,Customer Service,Tauranga,Hardware,Corporate,20779.83,14673.51,1797.53,19385.45,15375.82,1905.99
TXN00010,26/09/2024,2024,9,Q3,Customer Service,Hamilton,Consulting,Corporate,31886.95,13040.28,2566.15,30884.35,13045.61,2666.27
TXN00504,26/09/2024,2024,9,Q3,Marketing,Tauranga,Support Services,Corporate,14422.21,5549.91,1772.08,14024.24,5726.63,1744.4
TXN00809,26/09/2024,2024,9,Q3,IT,Auckland,Consulting,Corporate,26255.02,11178.79,2586.06,23330.58,11375.15,2490.76
TXN01361,27/09/2024,2024,9,Q3,Administration,Wellington,Professional Services,Corporate,26213.65,9862.35,2179.42,26637.1,10114.04,2215.56
TXN00611,28/09/2024,2024,9,Q3,IT,Wellington,Software,Government,23615.22,8213.74,1940.65,23239.95,8401.06,2036.17
TXN01142,28/09/2024,2024,9,Q3,Sales,Auckland,Hardware,Government,27271.57,18183.41,2987.53,24735.28,19731.47,3075.05
TXN00378,29/09/2024,2024,9,Q3,Administration,Auckland,Professional Services,Corporate,30035.37,11953.02,2160.86,30103.36,12055.35,2192.1
TXN01266,29/09/2024,2024,9,Q3,Marketing,Wellington,Professional Services,Individual,11320.28,4484.39,1171.03,10920.26,4468.32,1143.72
TXN01296,29/09/2024,2024,9,Q3,Operations,Wellington,Hardware,Corporate,21336.6,14535.64,1719.23,20399.5,14113.32,1693.08
TXN00152,30/09/2024,2024,9,Q3,Customer Service,Auckland,Support Services,Corporate,19045.72,7474.08,1678.97,18637.93,7492.99,1784.73
TXN01222,30/09/2024,2024,9,Q3,Operations,Auckland,Support Services,Government,17341.22,6783.3,1562.82,15912.34,6955.54,1557.49
TXN01672,30/09/2024,2024,9,Q3,Customer Service,Christchurch,Hardware,Corporate,16204.07,11389.51,1426.66,17022.54,10866.19,1475.79
TXN01414,1/10/2024,2024,10,Q4,Administration,Tauranga,Professional Services,Corporate,18557.99,6904.83,1480.22,17964.27,6713.15,1580.07
TXN01944,1/10/2024,2024,10,Q4,Marketing,Hamilton,Consulting,Government,30017.42,13500.02,3701.24,28297.59,14583.83,3733.31
TXN01226,3/10/2024,2024,10,Q4,Sales,Wellington,Consulting,Corporate,22071.86,9707.56,2009.47,21581.27,9297.15,2152.67
TXN01565,3/10/2024,2024,10,Q4,Administration,Auckland,Support Services,Individual,9697.2,3580.19,829.19,9552.83,3498.13,867.7
TXN00382,4/10/2024,2024,10,Q4,Sales,Christchurch,Software,SME,10787.22,3910.4,937.08,9644.14,4242.21,965.96
TXN01479,4/10/2024,2024,10,Q4,Marketing,Hamilton,Software,Corporate,25937.19,8757.42,3024.68,25261.18,8624.43,3120.29
TXN01449,5/10/2024,2024,10,Q4,Marketing,Christchurch,Professional Services,SME,12003.44,4732.38,1389.72,11515.59,4692.5,1443.87
TXN01682,5/10/2024,2024,10,Q4,Sales,Tauranga,Support Services,Corporate,18994,7097.05,1711.58,16934.27,7558.58,1802.21
TXN00065,6/10/2024,2024,10,Q4,Operations,Wellington,Consulting,SME,19409.26,7658.96,1432.46,19044.35,7850.98,1479.08
TXN01004,6/10/2024,2024,10,Q4,Operations,Auckland,Training,Corporate,15588.92,6658.91,1261.04,14593.94,7115.97,1291.97
TXN00678,7/10/2024,2024,10,Q4,Sales,Wellington,Professional Services,Corporate,19977.89,8502.72,1799.87,20942.85,8265.87,1842.34
TXN00403,8/10/2024,2024,10,Q4,Operations,Wellington,Software,Corporate,16512.59,5921.67,1304.23,17033.27,6184.58,1248.52
TXN00902,8/10/2024,2024,10,Q4,Sales,Christchurch,Professional Services,Corporate,26020.82,9736.8,2398.5,27035.88,10093.86,2319.24
TXN00784,9/10/2024,2024,10,Q4,Operations,Auckland,Consulting,Corporate,35011.8,15139.9,2235.95,35114.85,15481.93,2200.59
TXN00966,9/10/2024,2024,10,Q4,Sales,Wellington,Support Services,SME,14393.84,5612.04,1422.36,14367.65,5565.46,1531.32
TXN01599,9/10/2024,2024,10,Q4,Sales,Auckland,Hardware,Individual,14631.03,9949.8,1259.71,15187.71,10476.12,1290.3
TXN00414,10/10/2024,2024,10,Q4,Marketing,Hamilton,Support Services,Corporate,10195.39,3977.15,1344.52,9737.33,4176.1,1416.8
TXN01577,10/10/2024,2024,10,Q4,IT,Auckland,Software,Corporate,35267.69,11630.81,3220.92,33371.71,12035.95,3040.75
TXN01138,11/10/2024,2024,10,Q4,Customer Service,Christchurch,Consulting,Government,28300.23,12612.63,2463.21,26281.39,13308.66,2514.67
TXN00499,12/10/2024,2024,10,Q4,Administration,Hamilton,Support Services,Government,8703.03,3726.37,605.07,8221.35,3776.99,603.84
TXN01181,12/10/2024,2024,10,Q4,Operations,Christchurch,Professional Services,Government,25629.56,10027.77,2321.18,24369.02,10211.76,2205.04
TXN01317,12/10/2024,2024,10,Q4,Administration,Wellington,Hardware,SME,12506.08,8917.13,854.96,11984.52,9594.32,807.77
TXN01091,14/10/2024,2024,10,Q4,Marketing,Hamilton,Professional Services,Corporate,21879.31,8409.05,3103.34,20252.85,8514.31,3312.53
TXN01421,14/10/2024,2024,10,Q4,Operations,Auckland,Training,SME,11406.7,5343.33,856.97,10672.18,5459.55,839.72
TXN01865,14/10/2024,2024,10,Q4,Sales,Christchurch,Support Services,Corporate,16485.74,6226.63,1704.17,16758.29,5951.57,1796.81
TXN01732,15/10/2024,2024,10,Q4,IT,Tauranga,Hardware,Corporate,16869.08,10147.62,1810.32,17021.29,9915.76,1920.07
TXN00105,16/10/2024,2024,10,Q4,Operations,Hamilton,Support Services,Corporate,13121.39,4848.5,1143.84,12387.33,5005.78,1245.92
TXN00262,16/10/2024,2024,10,Q4,Operations,Auckland,Software,Individual,20393.82,6776.16,1617.11,21224.66,7033.66,1611.08
TXN00301,16/10/2024,2024,10,Q4,Sales,Wellington,Training,SME,10920.73,4821.97,1152.89,10506,4957.55,1290.01
TXN01052,16/10/2024,2024,10,Q4,Operations,Hamilton,Software,SME,20568.3,6921.7,1344.39,19995.46,7097.29,1392.92
TXN01838,16/10/2024,2024,10,Q4,Marketing,Christchurch,Support Services,Corporate,13724.38,5343.9,1528.15,13631.47,5729.17,1662.83
TXN00572,17/10/2024,2024,10,Q4,Sales,Hamilton,Consulting,Corporate,18154.18,7511.56,1568.24,18137.2,7107.21,1538.76
TXN01638,17/10/2024,2024,10,Q4,Operations,Christchurch,Professional Services,Corporate,22432.86,7766.79,1621.23,21326.26,7820.54,1606.75
TXN00259,18/10/2024,2024,10,Q4,Sales,Auckland,Professional Services,Government,27026.03,10861.97,2705.56,25369.21,10653.15,2969.54
TXN00332,18/10/2024,2024,10,Q4,Administration,Christchurch,Support Services,Corporate,14332.45,5490.86,1167.11,13739.07,5557.94,1193.33
TXN01132,18/10/2024,2024,10,Q4,Sales,Wellington,Professional Services,Corporate,38857.37,15327.44,3481.3,37719.68,15444.64,3704.06
TXN00039,19/10/2024,2024,10,Q4,Sales,Auckland,Professional Services,Corporate,27619.56,11245.64,2743.18,25832.44,11594.18,2754.79
TXN01881,19/10/2024,2024,10,Q4,Customer Service,Christchurch,Software,Corporate,26747.38,9434.26,1999.26,25999.81,10127.25,1911.53
TXN00345,20/10/2024,2024,10,Q4,Marketing,Tauranga,Professional Services,SME,20856.66,8051.57,2370.53,20548.88,8109.28,2366.59
TXN01799,20/10/2024,2024,10,Q4,Customer Service,Auckland,Training,Corporate,11158.01,4996.4,923.41,10044.08,4897.21,955.73
TXN01090,21/10/2024,2024,10,Q4,Marketing,Auckland,Support Services,SME,13092.1,5227.72,1607.65,11699.51,5449.01,1654.29
TXN01382,21/10/2024,2024,10,Q4,Customer Service,Christchurch,Professional Services,Government,27808.48,11547.76,2071.05,26895.3,11730.53,2078.53
TXN00199,22/10/2024,2024,10,Q4,Sales,Wellington,Support Services,Government,15983.98,6429.65,1656.47,15810.04,6333.34,1699.18
TXN00437,22/10/2024,2024,10,Q4,Customer Service,Wellington,Support Services,Individual,8281.58,3322.36,664.28,8414.45,3338.58,729
TXN00637,22/10/2024,2024,10,Q4,Administration,Auckland,Support Services,Corporate,21883.58,8446.65,1903.88,20605.63,8548.03,1920.49
TXN01824,22/10/2024,2024,10,Q4,Customer Service,Hamilton,Professional Services,Individual,9936.87,3890.27,814.03,9286.66,3753.11,809.03
TXN01935,24/10/2024,2024,10,Q4,Sales,Wellington,Professional Services,Government,24654.02,9925.34,2408.23,24570.25,9658.1,2552.29
TXN00905,25/10/2024,2024,10,Q4,Administration,Wellington,Consulting,Corporate,30041.93,12077.51,2179.09,29352.09,11556.51,2188.46
TXN00352,26/10/2024,2024,10,Q4,IT,Hamilton,Consulting,Corporate,33800.62,14235.13,3380.34,35196.41,13879.91,3221.18
TXN00919,26/10/2024,2024,10,Q4,Customer Service,Auckland,Hardware,Government,19265.12,13659.68,1646.98,16937.74,13812.44,1596.01
TXN01145,26/10/2024,2024,10,Q4,IT,Wellington,Professional Services,Corporate,25255.3,10457.92,2453.22,23114.44,10493.46,2788.23
TXN00119,27/10/2024,2024,10,Q4,Sales,Hamilton,Professional Services,Corporate,22767.29,9292.33,1983.25,23523.62,9538.74,1982.94
TXN00471,27/10/2024,2024,10,Q4,Operations,Christchurch,Professional Services,SME,16538.7,6806.45,1332.32,17369.12,6967.72,1395.9
TXN00951,27/10/2024,2024,10,Q4,Operations,Wellington,Software,Corporate,39432.85,13923.79,3626.23,39066.34,14316.71,3559.28
TXN01668,27/10/2024,2024,10,Q4,Sales,Wellington,Professional Services,Corporate,34424.81,13009.83,3278.08,30410.18,13617.31,3312.04
TXN00088,28/10/2024,2024,10,Q4,Operations,Christchurch,Software,Government,28852.89,10215.14,2343.3,25927.88,10453.8,2502.96
TXN01216,28/10/2024,2024,10,Q4,Sales,Wellington,Hardware,SME,14506.93,10321.73,1454.44,15114.7,10603.93,1433.98
TXN01247,28/10/2024,2024,10,Q4,Sales,Auckland,Professional Services,Government,55965.2,22852.57,4540.17,55326.41,25067.14,4209.47
TXN00074,29/10/2024,2024,10,Q4,Customer Service,Auckland,Professional Services,SME,18476.27,7603.23,1488.99,16658.4,8063.57,1546.52
TXN01691,29/10/2024,2024,10,Q4,Administration,Tauranga,Software,Corporate,21150.68,6838.54,1490.17,21030.37,6888.78,1530.81
TXN01877,29/10/2024,2024,10,Q4,Customer Service,Wellington,Support Services,Government,12891.9,5240.03,1069.23,12219.45,5460.99,1052.92
TXN00673,1/11/2024,2024,11,Q4,Operations,Wellington,Consulting,Individual,22949.04,9768.83,1624.99,20986.08,10067.51,1627.42
TXN00688,1/11/2024,2024,11,Q4,Operations,Auckland,Professional Services,Corporate,28831.45,11553.91,2228.96,27993.78,11494.53,2268.33
TXN01114,1/11/2024,2024,11,Q4,Sales,Tauranga,Hardware,Corporate,12539.78,8311.55,1191.41,11770.36,8512.25,1127.03
TXN01353,2/11/2024,2024,11,Q4,Customer Service,Christchurch,Support Services,Individual,6379.27,2524.73,454.29,6140.76,2684.43,490.65
TXN00032,3/11/2024,2024,11,Q4,Marketing,Christchurch,Hardware,Government,15797.21,10528.72,1820.23,14726.02,10683.98,1805.99
TXN00298,4/11/2024,2024,11,Q4,Marketing,Christchurch,Hardware,Government,14101.69,9000.5,1712.74,13896.82,8808.99,1744.41
TXN00766,4/11/2024,2024,11,Q4,Sales,Hamilton,Consulting,SME,18775.4,7563.46,1610.99,19022.56,7183.27,1682.87
TXN01727,4/11/2024,2024,11,Q4,Sales,Wellington,Training,Individual,7708.58,3514.69,723.97,7506.84,3690.54,742.8
TXN00788,5/11/2024,2024,11,Q4,IT,Auckland,Consulting,Government,37546.01,16088.67,3779.83,35145.87,16005.08,3912.39
TXN01506,5/11/2024,2024,11,Q4,Sales,Wellington,Hardware,SME,22604.57,14855.85,1965.1,22724.69,15167.39,1965.17
TXN01979,5/11/2024,2024,11,Q4,Operations,Wellington,Hardware,SME,13117.65,8744.17,1170.69,13311.59,9022.47,1208.66
TXN00102,6/11/2024,2024,11,Q4,Administration,Christchurch,Hardware,Corporate,15987.66,11091.52,1145.51,15942.67,10601.19,1056.49
TXN00925,6/11/2024,2024,11,Q4,Sales,Auckland,Support Services,SME,14582.78,5584.31,1290.13,13856.07,5571.7,1333.96
TXN01000,6/11/2024,2024,11,Q4,Operations,Wellington,Consulting,Government,31714.37,13280.18,2142.87,30616.93,12777.68,2177.72
TXN00055,7/11/2024,2024,11,Q4,Sales,Auckland,Consulting,SME,33022.41,13967.57,2894.77,33079.49,13953.76,2835.58
TXN00379,8/11/2024,2024,11,Q4,Sales,Auckland,Training,Government,15750.84,7294.6,1456.31,15115.23,7267.43,1481.7
TXN00789,8/11/2024,2024,11,Q4,Sales,Christchurch,Support Services,SME,8407.77,3122.51,812.22,7849.14,3203.17,881.42
TXN01490,8/11/2024,2024,11,Q4,IT,Auckland,Software,Corporate,25226.93,8688.71,2108.13,24307.51,8885.49,2004.55
TXN01586,8/11/2024,2024,11,Q4,IT,Tauranga,Professional Services,SME,13573.61,4788.15,1147.76,14234.91,4916.26,1184.54
TXN00271,9/11/2024,2024,11,Q4,Sales,Hamilton,Hardware,Corporate,23054.05,14902.85,2502.31,23312.48,15112.81,2638.85
TXN00096,11/11/2024,2024,11,Q4,Sales,Wellington,Support Services,Corporate,16269.56,5994.41,1607.42,16208.54,6072.01,1647.51
TXN00879,13/11/2024,2024,11,Q4,Sales,Christchurch,Software,Corporate,23839.35,8391.57,2612.55,23520.69,8737.69,2634.98
TXN00954,14/11/2024,2024,11,Q4,Marketing,Tauranga,Hardware,Corporate,21133.17,13814.34,2491.19,20126,13110.64,2550.57
TXN01489,14/11/2024,2024,11,Q4,Administration,Auckland,Consulting,Corporate,28431.33,11287.02,1959.42,26919.59,11542.66,2048.55
TXN00490,15/11/2024,2024,11,Q4,IT,Auckland,Consulting,Individual,25353.06,10394.82,2616.5,25451.2,10544.38,2609.7
TXN00098,16/11/2024,2024,11,Q4,Marketing,Christchurch,Support Services,SME,7351.24,2806.13,783.91,6708.35,2885.17,792.27
TXN00517,16/11/2024,2024,11,Q4,Operations,Christchurch,Hardware,Government,13380.88,9255.65,1112.31,13615.82,9329,1132.75
TXN01451,17/11/2024,2024,11,Q4,IT,Tauranga,Support Services,SME,10381.39,3629.99,1154.71,9642.2,3754.27,1163.83
TXN01463,17/11/2024,2024,11,Q4,Administration,Tauranga,Consulting,Corporate,21431.96,9292.63,1647,21606.32,9420.84,1693.92
TXN01734,18/11/2024,2024,11,Q4,IT,Wellington,Hardware,Government,14797.99,10084.83,1574.4,14993.52,10286.42,1607.85
TXN00070,20/11/2024,2024,11,Q4,IT,Tauranga,Consulting,SME,21144.69,8578.65,2058.69,19792.69,8725.76,2139.78
TXN00214,20/11/2024,2024,11,Q4,Sales,Hamilton,Consulting,Corporate,39165.06,16502.4,4210.51,37136.67,16964.74,4302.13
TXN00507,20/11/2024,2024,11,Q4,Operations,Wellington,Consulting,Government,17626.49,7200.6,1524.49,17165.26,7080.07,1506.03
TXN01419,20/11/2024,2024,11,Q4,Customer Service,Auckland,Training,SME,9533.1,4202.46,818.27,10022.63,4090.74,886.73
TXN01476,21/11/2024,2024,11,Q4,Administration,Tauranga,Software,Corporate,14791.68,4895.93,1117.06,14474.04,5030.21,1117.02
TXN00185,22/11/2024,2024,11,Q4,Operations,Christchurch,Consulting,SME,18122.91,7750.48,1343.92,18372.12,8096,1307.23
TXN00235,22/11/2024,2024,11,Q4,IT,Auckland,Training,Corporate,18460.68,7997.91,1998.77,17959.81,8282,2039.64
TXN00760,22/11/2024,2024,11,Q4,IT,Christchurch,Consulting,SME,19976.7,8219.16,2086.58,19591.1,8679.01,2151.97
TXN01235,22/11/2024,2024,11,Q4,Operations,Auckland,Consulting,SME,30975.57,12795.24,2240.24,29121.41,12642.99,2330.56
TXN00126,23/11/2024,2024,11,Q4,IT,Christchurch,Consulting,Corporate,27026.75,10109.19,2618.32,24388.73,10414.68,2769.84
TXN00930,23/11/2024,2024,11,Q4,Administration,Wellington,Support Services,Individual,5365.04,2144.13,392.98,5345.07,2139.67,407.43
TXN01813,23/11/2024,2024,11,Q4,Operations,Auckland,Training,Government,11578.89,5278.75,891.28,10616.12,5464.3,938.41
TXN00270,25/11/2024,2024,11,Q4,Administration,Wellington,Software,Corporate,26248.16,8972.76,2066.13,24747.33,9404.17,2173.61
TXN00697,25/11/2024,2024,11,Q4,Sales,Wellington,Professional Services,Corporate,30208.96,12157.57,2891.63,26739.16,12069.32,2844.95
TXN00859,25/11/2024,2024,11,Q4,IT,Christchurch,Professional Services,Corporate,20912.37,7922.97,2105.17,20952.8,7990.6,2041.65
TXN00943,26/11/2024,2024,11,Q4,Operations,Auckland,Hardware,SME,14626.62,9557.2,1031.8,13637.97,9559.42,1120.58
TXN00958,26/11/2024,2024,11,Q4,Sales,Wellington,Professional Services,Corporate,31759.39,12377.37,2646.28,31678.21,12271.56,2580.58
TXN01186,26/11/2024,2024,11,Q4,Sales,Hamilton,Support Services,Corporate,16781.34,6310.6,1640.98,15514.62,6656.44,1608.06
TXN01763,26/11/2024,2024,11,Q4,Operations,Hamilton,Professional Services,Corporate,22632.9,9455.44,1816.79,20787.54,9729.93,1907.22
TXN01934,26/11/2024,2024,11,Q4,Customer Service,Hamilton,Hardware,Corporate,13150.65,8971.04,1139.36,12778.39,9549.71,1197.64
TXN00579,27/11/2024,2024,11,Q4,Sales,Tauranga,Professional Services,Corporate,19928.85,8007.79,2073.14,17141.38,8108.9,2104.73
TXN00742,27/11/2024,2024,11,Q4,IT,Hamilton,Support Services,Government,12317,4426.74,1270.19,11146.44,4473.21,1386.8
TXN00855,27/11/2024,2024,11,Q4,Operations,Hamilton,Hardware,SME,12961.33,8559.61,1062.1,12180.46,8822.4,1067.37
TXN00936,28/11/2024,2024,11,Q4,Customer Service,Hamilton,Training,Government,10059.53,4780.15,787.07,9573.57,4752.98,842.14
TXN01933,28/11/2024,2024,11,Q4,Sales,Christchurch,Support Services,SME,14460.12,5387.5,1352.85,13621.82,5703.97,1345.18
TXN00458,29/11/2024,2024,11,Q4,Sales,Auckland,Hardware,Corporate,23837.39,17249.47,2319.49,22857.82,17334.56,2348.1
TXN00043,30/11/2024,2024,11,Q4,Operations,Hamilton,Hardware,Individual,7034.75,4431.91,576.67,7562.23,4621.23,589.78
TXN01134,30/11/2024,2024,11,Q4,Sales,Wellington,Support Services,Corporate,15820.09,5989.15,1465.07,15821.92,5865.13,1502.19
TXN01283,30/11/2024,2024,11,Q4,Customer Service,Auckland,Hardware,Corporate,29059.55,19501.01,2290.19,30235.93,19573.38,2356.33
TXN01320,30/11/2024,2024,11,Q4,IT,Tauranga,Support Services,Individual,7098.12,2750.42,610.15,6747.21,2793.36,697.03
TXN01687,30/11/2024,2024,11,Q4,Administration,Auckland,Professional Services,SME,22237.53,9856.99,1598.13,22153.36,10460.23,1609.05
TXN00462,1/12/2024,2024,12,Q4,Operations,Auckland,Professional Services,Individual,16083.29,6216.25,1453.8,15536.29,6080.43,1481.05
TXN01905,1/12/2024,2024,12,Q4,Operations,Auckland,Hardware,Corporate,19509.72,12696.96,1382.75,18210.55,12866.54,1340.81
TXN01532,2/12/2024,2024,12,Q4,IT,Christchurch,Training,Corporate,12630.54,5203.39,1209.95,12055.85,5552.75,1273.23
TXN01835,2/12/2024,2024,12,Q4,Sales,Auckland,Software,SME,26245.12,8972.65,2345.09,23920.19,8803.74,2564.82
TXN00769,3/12/2024,2024,12,Q4,IT,Hamilton,Hardware,Government,23881.73,16707.11,2502.81,24016.44,17578.62,2693.75
TXN00923,3/12/2024,2024,12,Q4,Marketing,Auckland,Professional Services,Government,28355.13,11506.71,3119.81,26558.47,11635.95,3208.3
TXN00309,4/12/2024,2024,12,Q4,Operations,Christchurch,Hardware,Corporate,14846.49,9691.88,1195.24,13847.44,9397.84,1259.19
TXN00409,5/12/2024,2024,12,Q4,Administration,Tauranga,Hardware,Individual,10434.45,6765.31,836.43,10638.11,6569.71,844.09
TXN01898,5/12/2024,2024,12,Q4,Operations,Auckland,Hardware,Individual,13072.9,8890.67,1242.18,13117.68,8982.42,1194.07
TXN00446,7/12/2024,2024,12,Q4,IT,Wellington,Support Services,Individual,6452.91,2377.05,665.8,6230.41,2275.34,691.94
TXN00594,7/12/2024,2024,12,Q4,Marketing,Auckland,Software,SME,20755.48,7146.28,2393.53,20292.03,7804.01,2403.13
TXN01172,7/12/2024,2024,12,Q4,Marketing,Wellington,Consulting,Government,23292.85,9841.49,2881.93,22583.72,9593.86,2618.31
TXN00564,8/12/2024,2024,12,Q4,Operations,Christchurch,Professional Services,SME,20347.72,8234.4,1515.44,19679.24,8136.92,1627.34
TXN00266,9/12/2024,2024,12,Q4,IT,Auckland,Hardware,Government,16619.84,10658.4,1539.83,16837.65,10636.34,1578.45
TXN00408,9/12/2024,2024,12,Q4,Marketing,Hamilton,Professional Services,Corporate,23495.02,9605.39,2694.23,21579.06,10187.67,2766.79
TXN00438,9/12/2024,2024,12,Q4,Sales,Hamilton,Hardware,SME,14195.93,9230.26,1356.91,14722.49,9418.98,1310.69
TXN00472,9/12/2024,2024,12,Q4,Operations,Auckland,Support Services,Corporate,19622.44,7106.72,1644.22,18230.62,7169.22,1714.22
TXN01457,10/12/2024,2024,12,Q4,Marketing,Christchurch,Professional Services,Corporate,21672.14,8368.26,3051.4,21820.62,8816.95,2878.94
TXN01465,10/12/2024,2024,12,Q4,Administration,Hamilton,Training,Corporate,10553.24,4824.2,817.2,9043.31,5199.67,849.75
TXN00630,11/12/2024,2024,12,Q4,Customer Service,Christchurch,Software,Individual,15122.8,5471.04,1404.03,14891.85,5620.84,1381.01
TXN00664,11/12/2024,2024,12,Q4,Operations,Wellington,Hardware,SME,18544.16,12569.9,1569.43,18411.31,12984.6,1464
TXN00959,11/12/2024,2024,12,Q4,Operations,Tauranga,Hardware,Government,14311.01,9394.3,1028.58,13454.37,9867.91,1089.87
TXN01459,11/12/2024,2024,12,Q4,IT,Hamilton,Professional Services,SME,17175.88,7245.29,1629.62,17225.53,7286.43,1622.72
TXN00118,12/12/2024,2024,12,Q4,Administration,Auckland,Training,SME,12442.41,5773.67,943.34,11881.88,5896.9,915.88
TXN00561,12/12/2024,2024,12,Q4,Operations,Tauranga,Software,Corporate,27320.51,8720.47,1892.73,28124.99,9004.53,1902.03
TXN01133,12/12/2024,2024,12,Q4,IT,Christchurch,Training,Corporate,12592.28,5595.52,1161.16,12359.87,5545.15,1229.12
TXN00942,13/12/2024,2024,12,Q4,Operations,Hamilton,Support Services,Individual,8760.68,3424.92,679.55,9028.27,3464.2,695.69
TXN01472,13/12/2024,2024,12,Q4,Marketing,Tauranga,Software,Corporate,23329.21,7480.39,2581.74,23429.35,7457.33,2382.58
TXN00066,14/12/2024,2024,12,Q4,Customer Service,Wellington,Training,Corporate,10784.57,4428.67,1001.74,10457.15,4609.79,1066.85
TXN00772,14/12/2024,2024,12,Q4,Sales,Christchurch,Consulting,Government,34593.88,15029.26,3140.67,33812.55,14089.61,3194.61
TXN00559,15/12/2024,2024,12,Q4,Operations,Auckland,Hardware,Government,18507.74,12612.33,1678.69,16512.67,12657.68,1763.99
TXN00968,15/12/2024,2024,12,Q4,Customer Service,Tauranga,Software,Government,14367.45,4821.37,1168.21,14112.71,4809.14,1089.61
TXN01029,16/12/2024,2024,12,Q4,Sales,Auckland,Hardware,Corporate,23530.67,14978.89,2318.11,23624.62,14113.79,2507.47
TXN00209,17/12/2024,2024,12,Q4,Administration,Tauranga,Consulting,Corporate,17838.36,7473.21,1288.48,16661.22,8082.79,1379.32
TXN01249,17/12/2024,2024,12,Q4,Operations,Tauranga,Software,Individual,7597.08,2494.99,663.19,7307.43,2495.05,721.67
TXN01950,17/12/2024,2024,12,Q4,Sales,Auckland,Professional Services,SME,39247.09,15465.81,3506.08,35050.31,15700.62,3356.59
TXN00067,19/12/2024,2024,12,Q4,Operations,Hamilton,Hardware,Individual,7434.49,5200.04,556.28,7054.17,5465.42,588.4
TXN00986,21/12/2024,2024,12,Q4,Marketing,Christchurch,Software,Corporate,28656.6,9945.45,3431.38,30543.43,10557.37,3535.94
TXN01596,21/12/2024,2024,12,Q4,Customer Service,Hamilton,Professional Services,Corporate,19150.86,8253.88,1585.39,20102.04,8601.57,1748.22
TXN00261,23/12/2024,2024,12,Q4,Operations,Auckland,Hardware,SME,19134.86,15272.3,1552.63,20171.17,15287.71,1496.81
TXN00781,25/12/2024,2024,12,Q4,Customer Service,Auckland,Consulting,Corporate,26034.27,10677.55,1851.52,25607.88,10109.44,1980.16
TXN01323,25/12/2024,2024,12,Q4,Sales,Wellington,Consulting,Government,26084.85,10966.31,2225.74,24332.83,11377.06,2272.74
TXN00674,26/12/2024,2024,12,Q4,IT,Wellington,Support Services,SME,11681.62,4210.39,1049.7,11105.03,4232.75,1145.91
TXN01714,26/12/2024,2024,12,Q4,Operations,Tauranga,Software,Government,19240.37,6476.02,1652.77,18670.46,6554.74,1565.81
TXN00116,27/12/2024,2024,12,Q4,Sales,Wellington,Support Services,Corporate,18915.77,7205.49,1979.23,18269.04,7094.05,2082.58
TXN00686,27/12/2024,2024,12,Q4,Customer Service,Wellington,Hardware,Corporate,16429.71,11371.63,1402.29,15568.51,11441.31,1480.45
TXN00962,28/12/2024,2024,12,Q4,Marketing,Hamilton,Consulting,SME,13534.27,5728.01,1430.35,12898.35,5935.01,1458.27
TXN00286,29/12/2024,2024,12,Q4,Customer Service,Tauranga,Hardware,SME,13137.17,8910.86,1141.9,13022.12,8941.41,1084.35
TXN01210,30/12/2024,2024,12,Q4,Sales,Wellington,Consulting,SME,19213.56,8829.74,1578.55,18772.75,8856.4,1579.11
TXN00486,31/12/2024,2024,12,Q4,Sales,Auckland,Consulting,Individual,19601.88,8370.81,1518.59,18630.87,7998.6,1538.82
TXN01176,31/12/2024,2024,12,Q4,Administration,Christchurch,Software,Government,21225.45,7349.69,1632.74,19961.69,7615.21,1678.34
TXN00628,1/01/2025,2025,1,Q1,Sales,Christchurch,Professional Services,SME,22124.04,8643.23,1966.31,20552.88,8540.79,1894.79
TXN00753,1/01/2025,2025,1,Q1,Sales,Christchurch,Hardware,Corporate,32944.05,22746.93,2901.19,31923.93,23347.11,3022.29
TXN01620,1/01/2025,2025,1,Q1,IT,Auckland,Consulting,Government,46079.16,19554.86,4150.01,46413.46,20373.56,4260.55
TXN00315,2/01/2025,2025,1,Q1,Sales,Hamilton,Hardware,Corporate,13974.87,8750.5,1306.52,12482.98,9324.56,1345
TXN01220,2/01/2025,2025,1,Q1,Marketing,Auckland,Support Services,Corporate,17334.82,6903.61,1948.56,17726.1,7156.86,1959.18
TXN01650,2/01/2025,2025,1,Q1,Administration,Wellington,Training,SME,11894.5,5032.76,775.01,11903.04,5313.63,836.62
TXN00181,3/01/2025,2025,1,Q1,Administration,Auckland,Software,SME,20858.51,7202.07,1597.17,19040.14,7196.56,1659.92
TXN00640,3/01/2025,2025,1,Q1,Operations,Auckland,Consulting,SME,38122.37,15383.5,3233.35,34218.14,16137.89,3315.72
TXN00948,3/01/2025,2025,1,Q1,Marketing,Wellington,Professional Services,Corporate,25552.78,10144.26,3175.71,24659.93,10100.89,3333.89
TXN00053,4/01/2025,2025,1,Q1,Sales,Auckland,Consulting,Corporate,43168.28,18772.93,3820.58,43641.95,18438.88,3715.14
TXN01775,4/01/2025,2025,1,Q1,Administration,Wellington,Support Services,Corporate,13213.03,4949.03,1083.14,14190.27,5308.88,1106.02
TXN00063,5/01/2025,2025,1,Q1,IT,Wellington,Consulting,Corporate,30451.59,12508.7,3533.38,29207.88,12706.49,3409
TXN00698,5/01/2025,2025,1,Q1,Administration,Christchurch,Support Services,Corporate,10565.37,4274.09,818.06,10365.89,4198.81,798.1
TXN00755,5/01/2025,2025,1,Q1,Customer Service,Auckland,Software,Government,23611.27,7853.05,1928.61,20948.43,8249.19,1903.69
TXN00831,5/01/2025,2025,1,Q1,Sales,Auckland,Professional Services,Government,20046.69,7894.55,1937.73,19111.17,7972.11,1911.42
TXN01591,5/01/2025,2025,1,Q1,Sales,Wellington,Professional Services,Government,25273.52,11334.57,2379.59,25210.01,11748.6,2417.12
TXN01616,5/01/2025,2025,1,Q1,Operations,Auckland,Support Services,SME,14110.52,5123.44,1112.43,13493.27,5328.54,1159.91
TXN01916,5/01/2025,2025,1,Q1,IT,Wellington,Hardware,Corporate,16088.18,10417.75,1568.56,15329.94,10846.54,1565.46
TXN01961,5/01/2025,2025,1,Q1,Administration,Wellington,Consulting,SME,20044.58,8782.63,1414.08,19097.83,8486.73,1443.41
TXN00285,7/01/2025,2025,1,Q1,Customer Service,Hamilton,Training,Corporate,13375.58,5965.49,1052.39,12713.8,6082.75,1071.74
TXN00915,7/01/2025,2025,1,Q1,Operations,Tauranga,Support Services,SME,10650.3,4222.82,757.91,9586.48,4160.33,767.37
TXN01067,7/01/2025,2025,1,Q1,Sales,Wellington,Training,SME,7024.86,3134.74,601.5,6620.07,3323.24,583.78
TXN01356,7/01/2025,2025,1,Q1,Sales,Hamilton,Consulting,Corporate,40186.44,16975.04,3870.65,38743.3,16973.77,3897.29
TXN01724,7/01/2025,2025,1,Q1,Administration,Auckland,Support Services,Individual,5801.72,2241.3,481.7,5345,2420.25,468.77
TXN01847,7/01/2025,2025,1,Q1,Operations,Christchurch,Software,Government,22458.16,7320.79,1682.56,22604.35,7307.48,1668.59
TXN01849,7/01/2025,2025,1,Q1,Administration,Auckland,Software,Individual,12643.25,4113.86,968.96,12818.4,4331.28,980.08
TXN00519,11/01/2025,2025,1,Q1,Customer Service,Auckland,Professional Services,SME,34692.2,14768.19,2817.59,33930.41,14618.38,2770.81
TXN00527,11/01/2025,2025,1,Q1,Sales,Christchurch,Software,SME,26008.84,8885.82,2602.34,27251.19,8829.61,2634.67
TXN00813,11/01/2025,2025,1,Q1,Operations,Auckland,Professional Services,Corporate,27257,11118.62,1978.39,28555.3,11484.02,2065.17
TXN01354,11/01/2025,2025,1,Q1,Administration,Hamilton,Consulting,SME,16713.82,7133.56,1126.7,16004.19,7134.51,1128.54
TXN00716,12/01/2025,2025,1,Q1,Customer Service,Hamilton,Support Services,Corporate,8640.75,3455.74,709.48,8731.42,3469.57,668.55
TXN01083,12/01/2025,2025,1,Q1,IT,Auckland,Consulting,Corporate,38158.2,16543.02,3910.73,38545.7,16618.48,3667.6
TXN01263,12/01/2025,2025,1,Q1,Operations,Tauranga,Software,Corporate,30087.22,10306.92,2321.81,30903.55,10972.72,2468.34
TXN01875,12/01/2025,2025,1,Q1,Operations,Christchurch,Software,SME,20838.47,7159.08,1579.03,20195.93,7162.36,1535.67
TXN01960,13/01/2025,2025,1,Q1,IT,Auckland,Hardware,Corporate,27218.7,18277.25,2757.28,25522.31,18559.3,2878.57
TXN00005,14/01/2025,2025,1,Q1,Operations,Christchurch,Support Services,Government,12906.95,4734.46,1047.95,13310.76,4691.18,1076.83
TXN00248,14/01/2025,2025,1,Q1,Customer Service,Wellington,Consulting,Corporate,30526.28,12376.61,2586.12,30097.17,12571.28,2465.16
TXN01728,14/01/2025,2025,1,Q1,Sales,Hamilton,Professional Services,Corporate,28944.2,12554.76,3025.42,28158.15,13375.23,3271.43
TXN00762,15/01/2025,2025,1,Q1,Operations,Hamilton,Software,Corporate,15955.81,5594.85,1098.88,15753.14,5881.06,1083.13
TXN01062,16/01/2025,2025,1,Q1,Sales,Wellington,Software,Government,33474.94,11228.43,3133.24,35934.75,11933.07,3031.31
TXN01068,16/01/2025,2025,1,Q1,Marketing,Auckland,Hardware,Government,23108.48,16227.72,2570.66,22157.21,15769.9,2687.42
TXN01643,16/01/2025,2025,1,Q1,Sales,Wellington,Professional Services,Government,26457.41,10302.52,2305.01,26452.41,10321.42,2531.04
TXN01943,16/01/2025,2025,1,Q1,Sales,Auckland,Software,SME,23511.66,7342.3,2158.13,21497.81,7867.87,2252.41
TXN01962,16/01/2025,2025,1,Q1,Sales,Hamilton,Professional Services,Government,36603.87,16006.18,3202.32,34539.09,16129.96,3204.61
TXN00172,17/01/2025,2025,1,Q1,Sales,Christchurch,Professional Services,Individual,15715.07,6305.31,1683.03,15362.35,6223.04,1702.83
TXN00608,17/01/2025,2025,1,Q1,Marketing,Wellington,Professional Services,SME,23129.75,9333.59,2856.78,20977.06,9657.82,3176.98
TXN00643,17/01/2025,2025,1,Q1,Operations,Auckland,Professional Services,Corporate,36005.52,14168.51,2564.02,34547.62,14507,2524.21
TXN00791,17/01/2025,2025,1,Q1,Sales,Wellington,Consulting,Corporate,42584.43,17813.36,4065.78,42687.59,16891.34,4087.83
TXN01072,17/01/2025,2025,1,Q1,Marketing,Wellington,Support Services,SME,13128.78,5369.01,1432.72,11111.03,5490.42,1552.96
TXN01413,17/01/2025,2025,1,Q1,Customer Service,Auckland,Professional Services,Government,24462.15,9550.11,1904.85,24046.57,9368.84,1910.67
TXN00245,19/01/2025,2025,1,Q1,Sales,Auckland,Professional Services,Individual,17490.51,6733.74,1573.02,17632.04,6904.53,1676.18
TXN00668,19/01/2025,2025,1,Q1,Administration,Tauranga,Support Services,Corporate,10537.94,3930.59,724.34,10674.52,3969.77,740.51
TXN01970,19/01/2025,2025,1,Q1,Sales,Wellington,Software,Corporate,22200.74,7697.95,2255.58,23090.84,8026.49,2455.37
TXN00094,20/01/2025,2025,1,Q1,Operations,Auckland,Hardware,Government,25179.24,17638.35,2059.95,24613.4,18373.44,2208.57
TXN01049,20/01/2025,2025,1,Q1,Operations,Hamilton,Software,Corporate,26727.97,9490.06,2229.04,26499.64,9531.62,2183.83
TXN00595,21/01/2025,2025,1,Q1,Operations,Hamilton,Software,Corporate,27891.15,9292.75,2468.72,28783.74,9628.71,2431.59
TXN01164,22/01/2025,2025,1,Q1,IT,Christchurch,Consulting,Corporate,32010.21,14666.27,2888.7,33369.1,15361.45,2797.45
TXN00495,23/01/2025,2025,1,Q1,Operations,Wellington,Consulting,Government,24981.28,9943.82,1975.37,23635.3,10312.68,2008.46
TXN01352,23/01/2025,2025,1,Q1,Operations,Auckland,Software,Government,28380.65,10277.19,2295.1,27642.33,9949.71,2157.28
TXN00184,24/01/2025,2025,1,Q1,Administration,Auckland,Hardware,Government,14964.68,10711.76,1179.21,14369.08,10492.15,1328.94
TXN01507,24/01/2025,2025,1,Q1,Operations,Christchurch,Software,Corporate,25964.25,8783.65,2091.57,25757.3,8881.61,2151.5
TXN00164,25/01/2025,2025,1,Q1,Administration,Auckland,Consulting,Corporate,26228,11605.94,1665.15,25821.48,11580.38,1810.04
TXN00596,25/01/2025,2025,1,Q1,Operations,Christchurch,Consulting,Government,33866.11,14029.11,2477.45,33341.41,13624.82,2594.72
TXN01396,25/01/2025,2025,1,Q1,Marketing,Auckland,Software,Individual,13107.72,4723.49,1349.71,12480.76,4702.72,1350.98
TXN00528,26/01/2025,2025,1,Q1,Sales,Hamilton,Support Services,Individual,6032.9,2462.52,532.19,5988.5,2542.86,558.57
TXN01300,26/01/2025,2025,1,Q1,Customer Service,Auckland,Consulting,Individual,17486.66,7191.05,1488.84,18445.59,7319.56,1447.03
TXN01719,26/01/2025,2025,1,Q1,Operations,Wellington,Support Services,Government,16181.56,5988.37,1328.8,16600.66,5960.72,1309.51
TXN01850,26/01/2025,2025,1,Q1,Customer Service,Wellington,Support Services,Corporate,22965.7,8777.48,1906.42,24228.05,9476.33,1949.62
TXN00657,27/01/2025,2025,1,Q1,Administration,Auckland,Hardware,SME,11553.5,7832.69,836.69,10829.87,7431.14,911.82
TXN01255,27/01/2025,2025,1,Q1,IT,Tauranga,Software,SME,16399.56,5561.22,1570.67,15325.54,5665.98,1695.6
TXN00719,28/01/2025,2025,1,Q1,Sales,Christchurch,Consulting,Government,34156.4,14867.77,3373.05,33998.93,16062.06,3328.87
TXN00763,29/01/2025,2025,1,Q1,Operations,Auckland,Software,SME,30668.26,9822.45,2326.66,29138.04,9635.22,2400.19
TXN00480,30/01/2025,2025,1,Q1,Operations,Auckland,Hardware,Individual,13302.38,8625.4,1217.65,12853.08,8623.44,1338.27
TXN00990,31/01/2025,2025,1,Q1,Administration,Wellington,Consulting,Government,22178.53,8856.39,1725.57,22463.75,8987.52,1793.95
TXN01014,1/02/2025,2025,2,Q1,Customer Service,Tauranga,Hardware,Corporate,15823.88,10532.82,1180.9,15628.53,10435.22,1194.69
TXN01377,1/02/2025,2025,2,Q1,Sales,Tauranga,Software,Corporate,22375.09,7546.69,2026.96,23286.02,7722.4,2021.64
TXN01797,2/02/2025,2025,2,Q1,Sales,Wellington,Software,Corporate,24506.64,8325.49,2444.22,25078.28,8784.29,2369.11
TXN00018,3/02/2025,2025,2,Q1,Sales,Hamilton,Consulting,SME,22062.13,9289.64,2175.13,22088.62,9848.53,2193.47
TXN00904,3/02/2025,2025,2,Q1,Sales,Auckland,Professional Services,Individual,18894.36,7515.97,1739.76,18806.58,7880.09,1767.42
TXN01196,3/02/2025,2025,2,Q1,Operations,Tauranga,Hardware,Corporate,20639.95,14078.31,1677.12,19817.32,13997.69,1741.75
TXN01531,3/02/2025,2025,2,Q1,Sales,Tauranga,Training,Corporate,13128.98,5660.41,1193.98,11613.82,5593.59,1268.39
TXN01782,3/02/2025,2025,2,Q1,Sales,Hamilton,Software,Corporate,21940.29,7125.78,1757.04,20973.61,7599.66,1761.91
TXN01823,3/02/2025,2025,2,Q1,Customer Service,Wellington,Hardware,SME,13136.46,7691.71,1164.32,12858.18,8075.99,1143.65
TXN01535,4/02/2025,2025,2,Q1,Customer Service,Auckland,Software,Corporate,17032.24,5639.36,1551.42,15231.17,5646.67,1497.98
TXN00195,5/02/2025,2025,2,Q1,IT,Auckland,Training,SME,15490.27,6843.42,1712.58,15347.63,7011.28,1795.39
TXN00777,5/02/2025,2025,2,Q1,Operations,Auckland,Training,Government,11355.4,5204.06,1007.51,10899.41,5137.74,1056.66
TXN01589,5/02/2025,2025,2,Q1,Customer Service,Christchurch,Hardware,Corporate,17859.79,12310.3,1570.56,19324.93,12383.79,1546.79
TXN01652,5/02/2025,2025,2,Q1,Sales,Auckland,Software,Corporate,35683.44,12817.49,3099.27,36900.07,13428.44,3103.78
TXN01406,6/02/2025,2025,2,Q1,Marketing,Hamilton,Professional Services,SME,11283.87,4779.14,1273.47,11243.3,4805.7,1343.46
TXN00463,7/02/2025,2025,2,Q1,Marketing,Hamilton,Training,SME,5611.34,2708.89,680.18,5571.14,2733.87,681.23
TXN00569,8/02/2025,2025,2,Q1,Customer Service,Christchurch,Support Services,Individual,7525.26,2939.15,691.52,6926.58,2994.11,741.94
TXN01208,8/02/2025,2025,2,Q1,Operations,Tauranga,Support Services,SME,7051.09,2799.13,664.49,6554.11,2864.48,670.63
TXN01299,8/02/2025,2025,2,Q1,Administration,Wellington,Consulting,Corporate,19167.62,7880.3,1459.34,17585.04,8190.2,1488.51
TXN00007,9/02/2025,2025,2,Q1,Customer Service,Christchurch,Software,Corporate,24762.8,8411.83,1926.76,23105.67,8398.15,2012.61
TXN01321,9/02/2025,2025,2,Q1,IT,Wellington,Hardware,SME,16019.24,11185.3,1517.15,13836.89,10779.9,1554.66
TXN01447,9/02/2025,2025,2,Q1,Operations,Wellington,Training,SME,7699.24,3337.01,629.01,7805.22,3342.91,659.52
TXN01774,9/02/2025,2025,2,Q1,IT,Hamilton,Hardware,SME,8394.11,5405.03,873.15,9129.73,5206.94,918.18
TXN01936,9/02/2025,2025,2,Q1,Operations,Auckland,Consulting,Corporate,30957.35,12830.28,2607.55,29084.83,13711.01,2710.22
TXN00371,10/02/2025,2025,2,Q1,Sales,Auckland,Hardware,Corporate,19299.42,13314.39,1485.19,19575.5,12575.13,1428.2
TXN01965,10/02/2025,2025,2,Q1,Marketing,Auckland,Hardware,Corporate,17660.76,12104.56,2145.27,17753.52,12671.81,2184.1
TXN00290,11/02/2025,2025,2,Q1,Customer Service,Tauranga,Consulting,Corporate,19473.55,7918.79,1654.15,18150.86,7872.44,1546.25
TXN00343,11/02/2025,2025,2,Q1,Sales,Auckland,Software,Corporate,32891.07,10772.4,3370.21,32404.91,10612.02,3317.7
TXN01631,11/02/2025,2025,2,Q1,Administration,Auckland,Software,Individual,13601.28,4808.31,1014.03,13057.38,4768.16,1015.47
TXN01508,12/02/2025,2025,2,Q1,Sales,Wellington,Hardware,Corporate,21565.7,14556.52,2103.85,20403.61,14395.21,2130.33
TXN01655,12/02/2025,2025,2,Q1,Sales,Tauranga,Professional Services,Government,14029.35,5465.4,1361.72,13096.59,5569.74,1483.38
TXN01783,12/02/2025,2025,2,Q1,Sales,Auckland,Hardware,Corporate,15214.72,10291.42,1421.49,15415.59,9968.09,1338.9
TXN00909,13/02/2025,2025,2,Q1,Operations,Wellington,Hardware,SME,12113.12,8612.89,956.21,11254.11,8425.56,1013.9
TXN00254,15/02/2025,2025,2,Q1,Sales,Tauranga,Hardware,Corporate,19219.15,12467.79,1793.62,19630.36,12588.98,1794.87
TXN00577,15/02/2025,2025,2,Q1,IT,Wellington,Professional Services,Corporate,27892.95,12336.45,3126.67,26062.52,12429.65,3287.99
TXN01003,15/02/2025,2025,2,Q1,Sales,Auckland,Hardware,SME,22299.74,13933.04,1973.36,21153.88,13906.8,2117.75
TXN01015,15/02/2025,2025,2,Q1,Sales,Christchurch,Software,SME,23855.47,7250.36,2398.32,22190.61,7411.47,2417.04
TXN01707,15/02/2025,2025,2,Q1,Marketing,Hamilton,Software,SME,13557.49,4814.18,1720.81,11632.59,4683.04,1830.65
TXN00710,16/02/2025,2025,2,Q1,Sales,Wellington,Support Services,Government,15718.19,6561.31,1714.95,15418.49,6687.6,1638.65
TXN00858,16/02/2025,2025,2,Q1,IT,Wellington,Support Services,SME,7515.43,2826.07,750.88,7582.11,2838.82,782.34
TXN01214,16/02/2025,2025,2,Q1,Administration,Christchurch,Support Services,SME,11285.22,4638.41,762.55,11568.62,4648.78,819.5
TXN01280,16/02/2025,2025,2,Q1,Sales,Tauranga,Software,SME,12714.07,4373.37,1105.9,12220.82,4441.88,1241.42
TXN01497,16/02/2025,2025,2,Q1,Sales,Wellington,Hardware,SME,21408.39,14699.32,2144.7,20424.78,14771.34,2076.35
TXN01696,16/02/2025,2025,2,Q1,Administration,Christchurch,Support Services,SME,8164.99,3141.51,582.92,8147.07,3305.74,531.75
TXN01776,16/02/2025,2025,2,Q1,Sales,Christchurch,Support Services,SME,12429.26,4737.15,1296.03,11977.68,5029.34,1260.45
TXN00020,17/02/2025,2025,2,Q1,Sales,Tauranga,Hardware,SME,13453.63,9487.69,1170.52,12680.46,9835.85,1179.73
TXN00563,17/02/2025,2025,2,Q1,Operations,Auckland,Consulting,Government,33628.76,14967.88,2446.8,31791.86,15388.51,2486.13
TXN01752,17/02/2025,2025,2,Q1,Customer Service,Hamilton,Professional Services,Government,16177.61,6036.09,1324.67,16462.63,6041.58,1336.73
TXN00264,18/02/2025,2025,2,Q1,Operations,Auckland,Support Services,SME,7683.45,3194.34,625.18,7874.17,3295.2,577.9
TXN00546,18/02/2025,2025,2,Q1,Customer Service,Tauranga,Support Services,SME,7114.84,2591.52,586.99,6602.74,2615.16,611.64
TXN01822,18/02/2025,2025,2,Q1,Customer Service,Auckland,Support Services,Individual,10762.54,4113.26,951.7,9866.53,4327.26,990.79
TXN01902,18/02/2025,2025,2,Q1,Customer Service,Wellington,Consulting,Government,25060,9854.38,2265.52,24904.21,10328.02,2263.9
TXN01158,19/02/2025,2025,2,Q1,Marketing,Auckland,Support Services,SME,12882.59,5001.3,1633.66,13226.56,4757.44,1604.32
TXN01557,20/02/2025,2025,2,Q1,Sales,Auckland,Software,SME,20435.84,6887.75,2059.53,20843.89,6769.83,2122.4
TXN00304,21/02/2025,2025,2,Q1,Operations,Christchurch,Consulting,Corporate,28807.7,11020.89,2143.27,26546.88,11205.37,2058.2
TXN01206,21/02/2025,2025,2,Q1,Sales,Hamilton,Software,Corporate,22782.03,7442.72,2172.89,22919.21,7499.86,2249.64
TXN01461,21/02/2025,2025,2,Q1,Sales,Christchurch,Software,Government,17406.7,6029.29,1777.03,16799.72,6085.65,1822.45
TXN00836,22/02/2025,2025,2,Q1,IT,Hamilton,Consulting,Government,29739.12,12975.35,2921.7,27085.27,13401.06,2838.21
TXN00933,22/02/2025,2025,2,Q1,Operations,Hamilton,Professional Services,Government,12865.64,5084.05,1105.74,12032.83,5443.59,1098.67
TXN01017,22/02/2025,2025,2,Q1,Operations,Auckland,Hardware,SME,15451.78,11482.35,1096.93,15479.22,11352.81,1132.87
TXN01590,22/02/2025,2025,2,Q1,Customer Service,Wellington,Professional Services,Corporate,27610.2,10673.2,2479.96,25176.66,10363.02,2454.4
TXN00560,23/02/2025,2025,2,Q1,Customer Service,Tauranga,Consulting,Government,26640.4,11595.25,2300.81,23949.97,11615.96,2342.55
TXN01588,23/02/2025,2025,2,Q1,Marketing,Auckland,Hardware,Corporate,27874.25,19421.99,3261.18,26343.04,19656.61,3330.12
TXN00429,24/02/2025,2025,2,Q1,Customer Service,Christchurch,Software,Corporate,20061.08,6134.27,1536.78,20739.46,6393.82,1432.43
TXN00745,24/02/2025,2025,2,Q1,Operations,Hamilton,Consulting,Individual,11728.95,4801.26,923.76,10979.35,4927.25,908.47
TXN00211,25/02/2025,2025,2,Q1,IT,Wellington,Software,Individual,11056.28,3739.41,1023.95,9929.39,3894.92,1045.35
TXN01793,25/02/2025,2025,2,Q1,Customer Service,Christchurch,Hardware,Individual,6739.54,4945.53,548.78,6731.76,5068.89,574.1
TXN00335,26/02/2025,2025,2,Q1,Customer Service,Wellington,Software,Government,18591.24,6077.62,1372.17,19753.37,6395.17,1342.56
TXN01635,26/02/2025,2025,2,Q1,Customer Service,Auckland,Software,Corporate,27159.91,10010.61,2219.62,25736.29,10042.12,2293.34
TXN01834,27/02/2025,2025,2,Q1,Administration,Wellington,Hardware,SME,13839.39,9177.73,997.81,12857.79,9490.84,997.21
TXN01669,1/03/2025,2025,3,Q1,Sales,Wellington,Consulting,SME,25187.37,9760.71,2277.98,24843.97,9879.08,2208.94
TXN00132,2/03/2025,2025,3,Q1,IT,Auckland,Professional Services,SME,26432.59,9912.69,2655.61,27797.22,9744.45,2781.82
TXN00648,3/03/2025,2025,3,Q1,Marketing,Christchurch,Support Services,Corporate,10988.22,4360.74,1340.04,10955.42,4584.53,1345.84
TXN00834,4/03/2025,2025,3,Q1,Sales,Christchurch,Professional Services,Government,23402.6,9433.46,2317.84,22665.05,10070.56,2190.79
TXN01549,4/03/2025,2025,3,Q1,Marketing,Auckland,Training,Individual,9725.37,4370.47,1159.64,9673.23,4597.13,1186.41
TXN02000,4/03/2025,2025,3,Q1,Operations,Auckland,Professional Services,Corporate,31373.97,12118.76,2466.17,30580.37,12224.27,2462.77
TXN01039,5/03/2025,2025,3,Q1,Customer Service,Hamilton,Training,SME,8973.43,3909.11,811.41,9064.59,3696.89,879.04
TXN01688,5/03/2025,2025,3,Q1,Marketing,Wellington,Support Services,Corporate,20673.22,7743.8,2557.54,19610.11,7593.72,2628.61
TXN00803,6/03/2025,2025,3,Q1,Customer Service,Auckland,Hardware,Corporate,24307.24,15789.13,2231.92,24242.95,16088.87,2362.14
TXN00892,7/03/2025,2025,3,Q1,Sales,Wellington,Consulting,Corporate,41298.49,17158.03,3873.54,37361.11,16516.62,4129.57
TXN01312,7/03/2025,2025,3,Q1,Administration,Auckland,Support Services,SME,10209.82,3600.08,755.08,9835.89,3549.74,778.73
TXN01389,7/03/2025,2025,3,Q1,Customer Service,Auckland,Hardware,SME,23325.47,15393.52,2045.02,24806.55,15722.75,2153.26
TXN01992,7/03/2025,2025,3,Q1,Customer Service,Hamilton,Hardware,SME,14512.22,9224.34,1087.85,13559.41,9836.35,1130.67
TXN01996,7/03/2025,2025,3,Q1,Customer Service,Tauranga,Software,Government,14812.89,5300.65,1278.3,14053.89,5249.62,1292.93
TXN00541,8/03/2025,2025,3,Q1,Administration,Christchurch,Consulting,SME,14577.99,5931.55,1107.51,13992.12,5909.55,1059.45
TXN00675,8/03/2025,2025,3,Q1,Sales,Auckland,Hardware,Individual,12059.85,8190.5,1242.13,11468.35,7979.52,1348.99
TXN00835,8/03/2025,2025,3,Q1,Operations,Wellington,Consulting,Government,39196.84,14697.39,2597.77,40794.98,15154.2,2571.53
TXN00530,9/03/2025,2025,3,Q1,Administration,Auckland,Software,Corporate,22754.96,8069.51,2093.94,20183.1,8875.94,2044.15
TXN00160,10/03/2025,2025,3,Q1,Marketing,Hamilton,Hardware,Corporate,16583.53,11463.09,2050.61,15361.73,11718.85,1901.16
TXN00481,10/03/2025,2025,3,Q1,Administration,Wellington,Training,SME,7182.68,3409.29,534.86,6582.79,3698.96,525.89
TXN01957,10/03/2025,2025,3,Q1,Marketing,Auckland,Training,Corporate,14903.96,6505.88,1700.75,15448.27,6771.67,1796.31
TXN00868,11/03/2025,2025,3,Q1,IT,Auckland,Consulting,Corporate,36306.08,16192.67,3382.75,36437.84,16175,3621.6
TXN01333,11/03/2025,2025,3,Q1,Sales,Hamilton,Professional Services,Corporate,26104.87,10474.69,2253.92,25470.99,10966.28,2214.02
TXN01932,11/03/2025,2025,3,Q1,Operations,Wellington,Training,SME,10233.95,4712.81,756.37,10076.86,5256.73,739.5
TXN00998,12/03/2025,2025,3,Q1,Operations,Wellington,Consulting,SME,20175.8,9341.7,1498.05,20255.7,9542.76,1473.98
TXN01448,12/03/2025,2025,3,Q1,IT,Auckland,Professional Services,Corporate,30138.37,13143.41,2928.28,27783.11,14073.69,3037.45
TXN00646,13/03/2025,2025,3,Q1,Sales,Auckland,Professional Services,SME,24765.19,9717.47,2025.67,25223.79,9842.69,2027.24
TXN01098,13/03/2025,2025,3,Q1,IT,Wellington,Software,SME,18606.42,6413.63,2040.81,19035.47,6574.78,2080.65
TXN00207,14/03/2025,2025,3,Q1,Sales,Christchurch,Software,SME,15158.49,5153.34,1551.15,15041.38,5168.97,1534.77
TXN00693,15/03/2025,2025,3,Q1,Customer Service,Hamilton,Consulting,Corporate,23664.13,9942.58,2104.01,22149.47,10073.11,2165.94
TXN01036,16/03/2025,2025,3,Q1,Sales,Hamilton,Support Services,Corporate,15663.32,6118.65,1262.48,14367.7,6001.74,1353.4
TXN01529,16/03/2025,2025,3,Q1,Sales,Tauranga,Software,SME,17605.7,6068.36,1682.22,16481.36,6049.92,1717.8
TXN00136,17/03/2025,2025,3,Q1,Sales,Auckland,Hardware,SME,19168.87,12775.05,1786.46,19421.32,12429,1853.37
TXN00987,17/03/2025,2025,3,Q1,Administration,Tauranga,Professional Services,Corporate,18921.26,7429.42,1328.57,16778.87,7315.08,1386.63
TXN01302,17/03/2025,2025,3,Q1,Customer Service,Tauranga,Software,Corporate,13815.32,4629.88,1323.55,12721.23,4830.57,1387.78
TXN00090,18/03/2025,2025,3,Q1,Sales,Hamilton,Training,SME,9598.52,4363.86,893.99,9504.08,4292.39,959.22
TXN00232,19/03/2025,2025,3,Q1,Customer Service,Wellington,Software,Government,18766.41,6584.56,1634.93,18835.05,6728.84,1654.56
TXN01027,19/03/2025,2025,3,Q1,Operations,Auckland,Professional Services,SME,24951.92,10873.89,2059.58,24350.67,11012.17,2030.34
TXN00426,21/03/2025,2025,3,Q1,Marketing,Christchurch,Consulting,Corporate,14484.27,5811.99,1781.23,13731.12,6202.06,1814.94
TXN00870,21/03/2025,2025,3,Q1,IT,Auckland,Professional Services,Government,33771.35,13816.23,3044.63,33724.89,14799.38,2889.23
TXN01433,21/03/2025,2025,3,Q1,Customer Service,Hamilton,Consulting,Corporate,23107.87,9386.29,2007.44,24191.57,10252.22,2297.46
TXN00459,22/03/2025,2025,3,Q1,Sales,Tauranga,Consulting,SME,12752.75,4912.75,1016.74,12458.71,5072.12,1031.38
TXN00508,22/03/2025,2025,3,Q1,Sales,Christchurch,Professional Services,Corporate,33163.25,12890.63,3130.38,33416.34,12354.15,3079.53
TXN00701,22/03/2025,2025,3,Q1,Sales,Wellington,Professional Services,SME,26352.99,11129.41,2576.44,26064.71,10720.22,2621.17
TXN01326,22/03/2025,2025,3,Q1,Sales,Auckland,Training,Corporate,14759.17,6783.46,1406.15,13711.5,7126.3,1382.77
TXN01483,22/03/2025,2025,3,Q1,Sales,Christchurch,Training,SME,6992.46,3077.07,750.73,6925.28,3226.76,810.01
TXN01755,22/03/2025,2025,3,Q1,Operations,Auckland,Support Services,Individual,7354.09,2844.6,608.47,6640.52,2841.08,656.87
TXN00240,23/03/2025,2025,3,Q1,Administration,Tauranga,Support Services,Corporate,8393.74,3253.16,649.02,8430.38,3279.56,647.88
TXN00751,23/03/2025,2025,3,Q1,Sales,Christchurch,Software,Corporate,26459.12,9065.05,2066.64,26030.92,9041.7,2089.89
TXN00901,23/03/2025,2025,3,Q1,Sales,Christchurch,Software,SME,14590.5,5037.3,1468.57,14599.9,5116.67,1517.29
TXN00861,24/03/2025,2025,3,Q1,Customer Service,Auckland,Professional Services,SME,24936.62,10557.85,2385.47,24055.27,10741.01,2695.42
TXN00978,24/03/2025,2025,3,Q1,Customer Service,Hamilton,Professional Services,Corporate,15489.95,6219.07,1454.05,14438.79,5972.46,1442.31
TXN01467,24/03/2025,2025,3,Q1,Customer Service,Auckland,Consulting,SME,28496.11,12116.27,2382.81,27425.46,12699.51,2670.33
TXN01995,24/03/2025,2025,3,Q1,Administration,Auckland,Support Services,Government,7825.95,3174.2,618.3,8443.61,3190.33,629.84
TXN00690,25/03/2025,2025,3,Q1,Sales,Wellington,Consulting,Corporate,41202.12,17228.93,3947.47,40459.71,16702.63,4206.79
TXN00318,26/03/2025,2025,3,Q1,Sales,Auckland,Support Services,Corporate,15683.54,5982.73,1477.73,14866.29,6119.56,1627.78
TXN01295,26/03/2025,2025,3,Q1,Customer Service,Hamilton,Professional Services,SME,13785.57,5683.59,1199.02,14157.79,6066.59,1241.45
TXN01694,26/03/2025,2025,3,Q1,Administration,Hamilton,Hardware,Corporate,12262.97,8559.69,877.59,10886.23,8991.42,865.65
TXN01173,27/03/2025,2025,3,Q1,Administration,Auckland,Software,Corporate,25655.63,8623.55,2125.61,24134.16,8816.99,2130.15
TXN01242,27/03/2025,2025,3,Q1,Sales,Tauranga,Hardware,SME,12751.8,8358.26,959.97,11994.24,8747.5,1072.02
TXN01287,29/03/2025,2025,3,Q1,Administration,Tauranga,Consulting,Government,16146.86,6396.12,1042.33,15352.47,6637.67,1120.97
TXN01429,29/03/2025,2025,3,Q1,Sales,Christchurch,Professional Services,SME,18144.34,7559.27,1554.95,18272.95,7265.81,1597.48
TXN01746,29/03/2025,2025,3,Q1,Operations,Christchurch,Support Services,Corporate,13647.17,5518.58,1228.11,13417.22,5477.53,1280.75
TXN01390,30/03/2025,2025,3,Q1,Sales,Auckland,Professional Services,Corporate,46055.89,18968.36,4406.29,37785.99,17488.05,4299.08
TXN01893,31/03/2025,2025,3,Q1,Sales,Auckland,Support Services,SME,17781.71,6870.57,1690.64,18166.12,7299.97,1806.38
TXN00156,1/04/2025,2025,4,Q2,Administration,Wellington,Consulting,SME,16080.46,6799.43,1260.17,14511.49,6553.57,1348.88
TXN00479,1/04/2025,2025,4,Q2,IT,Tauranga,Professional Services,SME,17907.2,7053.69,1787.19,16964.79,6944.17,1804.9
TXN00656,1/04/2025,2025,4,Q2,Customer Service,Wellington,Consulting,Corporate,33140.13,13649.83,2871.75,32130.78,14237.78,2879.61
TXN00122,2/04/2025,2025,4,Q2,Sales,Hamilton,Hardware,Individual,10532,7464.1,1038.64,9537.68,7714.74,1051.83
TXN01272,2/04/2025,2025,4,Q2,IT,Hamilton,Support Services,Corporate,14184.54,5238.98,1471.85,14246.32,5194.22,1424.06
TXN01024,3/04/2025,2025,4,Q2,Customer Service,Tauranga,Professional Services,SME,13677.3,5587.22,1121.03,13484.04,6016.68,1139.47
TXN01231,3/04/2025,2025,4,Q2,Sales,Christchurch,Hardware,Corporate,24762.48,17320.03,2498.59,21029.67,17474.74,2623.36
TXN01238,3/04/2025,2025,4,Q2,Customer Service,Christchurch,Consulting,Corporate,28233.61,11203.71,2229.91,28226.24,11279.44,2258.63
TXN01262,4/04/2025,2025,4,Q2,Customer Service,Hamilton,Support Services,Corporate,10949.21,4152.75,1029.44,11314.36,4440.71,1043.13
TXN01375,4/04/2025,2025,4,Q2,IT,Wellington,Hardware,SME,14125.02,9867.38,1277.15,13147.65,9936.46,1305.38
TXN01559,4/04/2025,2025,4,Q2,IT,Auckland,Professional Services,Corporate,37633.7,15602.23,3569.89,37956.58,16370.96,3774.71
TXN01735,4/04/2025,2025,4,Q2,Customer Service,Auckland,Consulting,Individual,17407.9,7156.84,1535.63,17730.5,7271.61,1524.24
TXN00112,5/04/2025,2025,4,Q2,Customer Service,Auckland,Consulting,Individual,14357.21,6110.7,1207.07,14048.26,6440.91,1252.27
TXN01115,5/04/2025,2025,4,Q2,Customer Service,Hamilton,Support Services,SME,8682.36,3405.29,742.35,8003.32,3507.83,720.66
TXN01291,5/04/2025,2025,4,Q2,Operations,Hamilton,Software,Corporate,20886.99,6520.27,1645.12,19768.03,6400,1689.02
TXN01800,5/04/2025,2025,4,Q2,Operations,Hamilton,Software,Government,25057.13,8943.43,1949.73,25863.47,9088.96,2047.46
TXN00743,6/04/2025,2025,4,Q2,Customer Service,Hamilton,Support Services,SME,9884.02,3752.99,796.82,9334.08,3595.32,792.6
TXN01391,6/04/2025,2025,4,Q2,Operations,Christchurch,Software,Corporate,33162.66,11082.98,2850.09,32510.87,11990.54,2704.8
TXN01700,6/04/2025,2025,4,Q2,IT,Wellington,Training,Corporate,11162.06,4989.97,1166.97,11367.82,5153.93,1160.65
TXN01792,6/04/2025,2025,4,Q2,IT,Wellington,Professional Services,Corporate,32391.09,12039.78,3274.83,30288.2,11907.06,3394.99
TXN00228,7/04/2025,2025,4,Q2,Operations,Auckland,Software,Corporate,41173.12,14838.81,3269.08,39435.64,15299.33,3221.99
TXN00609,7/04/2025,2025,4,Q2,Customer Service,Wellington,Hardware,Individual,15394.32,10049.25,1402.66,15125.35,10310.11,1375.49
TXN01213,7/04/2025,2025,4,Q2,IT,Auckland,Training,SME,9005.18,3671.38,824.92,8636.96,3588.74,839.2
TXN01243,7/04/2025,2025,4,Q2,Sales,Hamilton,Professional Services,Corporate,26403.3,10358.73,2584.23,23728.44,9949.32,2450.86
TXN01289,7/04/2025,2025,4,Q2,Operations,Tauranga,Hardware,Corporate,14325.31,10163.99,1144.94,13541.92,10415.62,1169.28
TXN01075,8/04/2025,2025,4,Q2,Customer Service,Wellington,Hardware,SME,16589.02,11016.25,1460.07,15193.72,11404.93,1399.34
TXN01968,8/04/2025,2025,4,Q2,Administration,Auckland,Support Services,Corporate,18069.06,6661.93,1307.33,16699.88,6573.15,1400.78
TXN00081,9/04/2025,2025,4,Q2,Operations,Tauranga,Support Services,SME,10442.74,4164.09,771.14,10455.66,4052.23,812.63
TXN00396,9/04/2025,2025,4,Q2,IT,Christchurch,Software,SME,13647.66,4682.2,1527.37,12634.63,4735.82,1523.32
TXN00523,9/04/2025,2025,4,Q2,IT,Hamilton,Support Services,Corporate,12739.99,4986.74,1275.31,12101.03,5276.33,1334.19
TXN01551,9/04/2025,2025,4,Q2,Sales,Wellington,Consulting,Individual,16990.18,6745.43,1610.24,17298.79,6955.97,1567.63
TXN01976,9/04/2025,2025,4,Q2,Operations,Auckland,Consulting,Government,44403.82,17629.94,3401.66,40969.14,17895.02,3173.37
TXN00428,10/04/2025,2025,4,Q2,Marketing,Christchurch,Consulting,Corporate,19677.65,8044.28,2038.41,18280.54,8192.58,2187.07
TXN00733,10/04/2025,2025,4,Q2,Operations,Tauranga,Software,Corporate,18607.1,6537.09,1673.39,18001.58,6893.89,1701.02
TXN01078,10/04/2025,2025,4,Q2,Operations,Auckland,Support Services,SME,11123.42,3806.92,867.67,10264.09,3819.06,873.59
TXN01676,11/04/2025,2025,4,Q2,Sales,Christchurch,Consulting,Government,35907.19,15341.63,3054.92,36332.97,16097,3141.44
TXN01918,11/04/2025,2025,4,Q2,Customer Service,Tauranga,Software,Corporate,19680.27,6744.52,1494.48,20550.65,6754.52,1505.46
TXN00975,12/04/2025,2025,4,Q2,Customer Service,Auckland,Training,Corporate,13305.71,5189.14,1203.06,12818.59,5588.53,1250.58
TXN00288,13/04/2025,2025,4,Q2,IT,Tauranga,Software,SME,16460.36,5967.82,1877.13,15407.02,5809.87,1925.45
TXN01679,13/04/2025,2025,4,Q2,Administration,Tauranga,Consulting,Government,18342.02,7465.18,1426.94,19081.42,7655.58,1373.3
TXN00334,14/04/2025,2025,4,Q2,IT,Tauranga,Professional Services,SME,15583.44,5518.98,1579.5,14635.64,5497.09,1489.49
TXN00476,14/04/2025,2025,4,Q2,Customer Service,Auckland,Professional Services,SME,23421.73,9066,1895.17,24870.19,9723.87,1905.96
TXN01277,16/04/2025,2025,4,Q2,Sales,Hamilton,Software,Corporate,17446.2,6010.54,1446.5,16301.96,5999.64,1530.09
TXN00774,17/04/2025,2025,4,Q2,Customer Service,Hamilton,Hardware,Individual,9275.17,6245.68,774.29,9947.11,6540.02,808.44
TXN01989,17/04/2025,2025,4,Q2,Customer Service,Wellington,Hardware,Government,25588.35,18240.48,2316.81,24194.78,18231.37,2469.43
TXN00913,18/04/2025,2025,4,Q2,Administration,Auckland,Support Services,Government,13116.28,4766.78,998.17,13028.65,4427.86,1059.58
TXN01533,18/04/2025,2025,4,Q2,Administration,Christchurch,Professional Services,Government,17776.75,6663.48,1154.67,16927.66,6792.17,1223.92
TXN01141,19/04/2025,2025,4,Q2,Customer Service,Christchurch,Hardware,Corporate,18378.69,12243.61,1734.8,18406.92,12501.78,1818.81
TXN01731,19/04/2025,2025,4,Q2,Operations,Hamilton,Consulting,Corporate,17630.31,7847.01,1392.92,17554.53,8147.35,1417.92
TXN00080,20/04/2025,2025,4,Q2,Customer Service,Auckland,Consulting,Corporate,42331.45,16869.7,3468.14,41101.41,17364.87,3482.68
TXN00101,20/04/2025,2025,4,Q2,Administration,Hamilton,Consulting,Individual,13046.04,5129.86,868.17,12420.51,5133.17,923.92
TXN01876,21/04/2025,2025,4,Q2,Customer Service,Wellington,Software,Corporate,18491.87,6550.06,1643.26,17169.52,6671.54,1639.79
TXN01760,23/04/2025,2025,4,Q2,Administration,Christchurch,Consulting,Government,26517.7,10741.69,1902.69,24184.38,10290.89,1877.95
TXN00078,24/04/2025,2025,4,Q2,Customer Service,Auckland,Professional Services,Government,21525.41,8101.26,2010.5,20984.57,7815.92,2088.62
TXN00532,24/04/2025,2025,4,Q2,Sales,Auckland,Consulting,Corporate,64179.02,27004.84,6452.84,61200.66,28341.88,6302.46
TXN00737,24/04/2025,2025,4,Q2,IT,Tauranga,Consulting,Corporate,21823.29,8597.55,2716.95,19645.51,8766.8,2673.63
TXN00790,24/04/2025,2025,4,Q2,Operations,Wellington,Professional Services,SME,24040.94,9344.51,2136.01,25141.4,9583,2055.4
TXN00941,24/04/2025,2025,4,Q2,IT,Tauranga,Training,Government,9255.68,3796.64,971.56,8936.07,3661.39,1047.62
TXN01369,24/04/2025,2025,4,Q2,Operations,Christchurch,Software,Government,17620.84,5935.8,1535.05,18220.29,6287.29,1647.99
TXN01603,24/04/2025,2025,4,Q2,Sales,Wellington,Consulting,SME,27986.12,10768.23,2734.36,27727.83,11114.49,2618.1
TXN01772,24/04/2025,2025,4,Q2,Sales,Auckland,Software,Corporate,41884.9,13410.87,3592.89,41047.22,12988.14,3719.53
TXN01777,24/04/2025,2025,4,Q2,Marketing,Auckland,Training,Individual,7248.1,2995.56,829.87,7714.35,2943.03,850.22
TXN00169,25/04/2025,2025,4,Q2,Administration,Auckland,Software,Corporate,26713.09,9018.42,1871.79,26199.98,9368.99,1851.95
TXN01886,25/04/2025,2025,4,Q2,Customer Service,Auckland,Consulting,Corporate,32133.96,13242.1,2843.93,29423.25,13213.81,2667.99
TXN00828,26/04/2025,2025,4,Q2,Customer Service,Auckland,Software,Corporate,24776.05,8724.39,2038.88,23746.2,8918.69,2156.86
TXN01318,26/04/2025,2025,4,Q2,Administration,Wellington,Professional Services,Government,26470.12,11049.55,1974.48,27154.59,11225.6,1888.62
TXN01998,26/04/2025,2025,4,Q2,IT,Wellington,Support Services,Government,17109.12,6528.87,1529.33,17087.1,6365.57,1652.2
TXN00154,27/04/2025,2025,4,Q2,Administration,Hamilton,Training,Government,10252.3,4843.91,786.4,9396.84,4758.41,796.22
TXN00627,27/04/2025,2025,4,Q2,Customer Service,Hamilton,Software,Corporate,16468.62,5354.37,1375.75,17086.58,5583.77,1387.51
TXN01522,27/04/2025,2025,4,Q2,Sales,Wellington,Software,Government,14446.29,4972.25,1347.86,12747.81,4953.36,1484.9
TXN00313,28/04/2025,2025,4,Q2,IT,Auckland,Hardware,Individual,15208.14,10707.36,1627.77,15300.28,11060.01,1714.33
TXN01602,28/04/2025,2025,4,Q2,Customer Service,Christchurch,Support Services,Government,12421.69,4812.66,1117.43,12526.83,4902.36,1060.27
TXN00015,29/04/2025,2025,4,Q2,Sales,Wellington,Consulting,Corporate,39115.24,15176.47,4030.56,40357.33,15662.27,4072.24
TXN00140,30/04/2025,2025,4,Q2,Sales,Christchurch,Professional Services,SME,21865.04,8661.39,2025.52,19538.39,8380.5,2181.75
TXN00176,1/05/2025,2025,5,Q2,Sales,Tauranga,Support Services,Corporate,13902.19,4916.54,1409.16,14586.45,5106.97,1441.58
TXN00964,2/05/2025,2025,5,Q2,Marketing,Auckland,Professional Services,Corporate,22772.87,8470.15,2545.84,24238.88,8028.73,2407.65
TXN00339,4/05/2025,2025,5,Q2,Customer Service,Auckland,Hardware,Government,22123.79,15639.28,2005.29,21408.18,15939.07,2004.93
TXN00717,4/05/2025,2025,5,Q2,Administration,Auckland,Consulting,Government,22037.27,9750.67,1815.03,20680.31,10215.41,1633.49
TXN01236,4/05/2025,2025,5,Q2,Administration,Wellington,Professional Services,Corporate,20960.2,8300.11,1706.98,21662.82,8411.7,1744.98
TXN01278,4/05/2025,2025,5,Q2,Sales,Hamilton,Consulting,Corporate,27744.11,11719.51,2794.84,27744.36,11449.92,2699.15
TXN01978,4/05/2025,2025,5,Q2,Administration,Hamilton,Software,Government,12098.79,4013.78,870.58,10406.55,3895.84,801.25
TXN01883,5/05/2025,2025,5,Q2,Administration,Wellington,Hardware,SME,14709.45,9590.31,1104.77,16001.78,10158.54,1215.23
TXN01981,5/05/2025,2025,5,Q2,Sales,Auckland,Hardware,SME,19242.74,14186.68,1635.5,18894.81,15014.1,1678.02
TXN01252,7/05/2025,2025,5,Q2,IT,Auckland,Software,Government,23467.39,7900.31,2368.21,22332.07,7836.65,2495.99
TXN01499,8/05/2025,2025,5,Q2,Marketing,Auckland,Software,Government,37253.96,13069.18,4910.7,38004.02,13042.15,5259.62
TXN00728,10/05/2025,2025,5,Q2,Sales,Auckland,Professional Services,Corporate,31191.05,12934.77,2837.96,30807.25,13137.22,2689.32
TXN00921,10/05/2025,2025,5,Q2,Customer Service,Auckland,Professional Services,Corporate,26194.72,10333.11,2530.72,25826.1,9979.94,2502.99
TXN01912,10/05/2025,2025,5,Q2,Customer Service,Christchurch,Consulting,SME,35685.2,15341.38,3143.49,31221.16,16312.56,3121.4
TXN00651,12/05/2025,2025,5,Q2,Marketing,Auckland,Consulting,Corporate,34205.28,14933.93,4213.06,32837.42,15368.21,4014.5
TXN01930,12/05/2025,2025,5,Q2,Operations,Christchurch,Software,SME,11267.77,3656.82,852.23,10398.07,3838.47,859.06
TXN00422,13/05/2025,2025,5,Q2,Sales,Christchurch,Hardware,Corporate,18661.19,12375.57,1613.86,18734.13,12331.18,1556.23
TXN00969,13/05/2025,2025,5,Q2,Administration,Auckland,Software,Individual,13960.7,4466.65,1175.53,12932.47,4277.56,1252.93
TXN01041,13/05/2025,2025,5,Q2,IT,Wellington,Consulting,Government,28139.46,11666.3,2898.82,29190.76,11655.15,2900.66
TXN00205,14/05/2025,2025,5,Q2,Operations,Auckland,Training,Government,13936.41,6134.86,1042.84,14233.2,6329.76,1073.68
TXN00607,15/05/2025,2025,5,Q2,Sales,Auckland,Consulting,SME,20374.13,8561.69,1712.68,18687.4,8669.87,1680.71
TXN01275,15/05/2025,2025,5,Q2,IT,Tauranga,Professional Services,SME,17282.39,6787.96,1805.4,16687.48,6519.31,1773.69
TXN00204,16/05/2025,2025,5,Q2,Sales,Christchurch,Support Services,Corporate,17905.49,6345.45,1700.76,16127.12,6616.07,1676.05
TXN00500,16/05/2025,2025,5,Q2,Marketing,Christchurch,Software,Corporate,18008.91,6162.59,2299.44,18394.42,6325.8,2368.92
TXN00880,16/05/2025,2025,5,Q2,Operations,Wellington,Training,SME,13713.78,5965.22,1199.92,14626.76,5950.22,1207.89
TXN01165,16/05/2025,2025,5,Q2,Marketing,Auckland,Software,Corporate,24948.89,8585.15,2939.92,23303.99,8777.55,2765.02
TXN00445,17/05/2025,2025,5,Q2,Marketing,Wellington,Support Services,Government,10439.01,3762.76,1354.42,10170.34,3753.42,1197.69
TXN00518,17/05/2025,2025,5,Q2,Marketing,Christchurch,Software,SME,15705.2,5660.3,1838.84,16453.09,5883.19,1949.84
TXN00061,18/05/2025,2025,5,Q2,Customer Service,Wellington,Consulting,Corporate,24259.52,9733.22,2163.76,22955.26,9585.31,2208.79
TXN00225,18/05/2025,2025,5,Q2,Customer Service,Tauranga,Software,Corporate,14818.09,5170.32,1173.69,14958.75,5125.6,1196.25
TXN00503,18/05/2025,2025,5,Q2,Operations,Auckland,Hardware,Government,19422.03,12508.82,1502.45,17736.08,12802.53,1545.21
TXN00638,18/05/2025,2025,5,Q2,Sales,Auckland,Support Services,Corporate,16359,6141.98,1358.19,15104.88,6377.69,1366.71
TXN01128,18/05/2025,2025,5,Q2,Customer Service,Wellington,Software,SME,15982.55,5934.71,1391.57,14889.92,5796.21,1370.88
TXN01536,18/05/2025,2025,5,Q2,Customer Service,Auckland,Professional Services,Corporate,36338.57,14112.45,3645.97,33127.38,14194.16,3491.5
TXN00405,19/05/2025,2025,5,Q2,Administration,Tauranga,Hardware,Corporate,11839.03,7419.53,915.68,11455.29,7354.35,902.06
TXN01271,19/05/2025,2025,5,Q2,Sales,Hamilton,Hardware,Individual,9577.6,6499.67,1042.65,9382.69,6288.3,1058.88
TXN01988,19/05/2025,2025,5,Q2,Sales,Hamilton,Professional Services,Government,13765.95,5453.53,1396.47,13708.53,5590.55,1390.88
TXN00008,20/05/2025,2025,5,Q2,Sales,Auckland,Software,SME,28178.87,9576.86,2870.46,27816.69,10131.77,2924.01
TXN00496,20/05/2025,2025,5,Q2,Sales,Auckland,Support Services,Corporate,25556.61,9533.22,2276.08,24473.22,9808.9,2269.34
TXN00554,20/05/2025,2025,5,Q2,Operations,Auckland,Software,Corporate,32692.77,11159.15,2828.66,34029.4,11405,2865.26
TXN00588,20/05/2025,2025,5,Q2,Customer Service,Auckland,Consulting,Government,23420.49,9544.49,1893.37,22716.56,9877.06,2062.23
TXN01376,20/05/2025,2025,5,Q2,IT,Auckland,Software,Individual,12067.34,4015.42,1518.44,11148.28,3912.96,1567.7
TXN00198,21/05/2025,2025,5,Q2,Operations,Wellington,Support Services,SME,8438.01,3167.86,685.88,7927.9,3292.85,704.09
TXN01555,21/05/2025,2025,5,Q2,IT,Hamilton,Hardware,SME,10267.15,7097.31,872.35,9858.55,7135.61,835.79
TXN01745,21/05/2025,2025,5,Q2,IT,Christchurch,Consulting,Individual,13343.78,6023.31,1437.9,12828.42,6011.56,1356.58
TXN00759,22/05/2025,2025,5,Q2,Operations,Tauranga,Professional Services,Corporate,21658.41,8834.28,1946,20040.38,9103.24,1927.58
TXN00075,23/05/2025,2025,5,Q2,Customer Service,Tauranga,Training,Corporate,10725.2,4886.95,963.17,10432.33,4668.28,972.54
TXN00218,23/05/2025,2025,5,Q2,Customer Service,Wellington,Training,Government,9318.52,4214.98,801.82,8713.5,4469.81,777.27
TXN00242,23/05/2025,2025,5,Q2,Sales,Hamilton,Hardware,Individual,14677.56,9818.77,1311.67,14407.88,9966.42,1360.02
TXN01664,23/05/2025,2025,5,Q2,Sales,Auckland,Consulting,Corporate,38881.98,16037.42,3696.75,37458.51,15982.2,3878.11
TXN00444,24/05/2025,2025,5,Q2,Sales,Christchurch,Professional Services,SME,15748.54,6607.44,1625.33,14753.4,6160.69,1641.1
TXN01488,24/05/2025,2025,5,Q2,Operations,Wellington,Hardware,Corporate,14550.56,9462.03,1092.19,14544.38,9919.06,1097.44
TXN01125,25/05/2025,2025,5,Q2,Customer Service,Tauranga,Software,SME,16623.91,5797.39,1284.48,16419.4,5766.11,1372.32
TXN01422,25/05/2025,2025,5,Q2,Sales,Wellington,Support Services,Corporate,22971.35,7981.27,2393.82,22483.14,8265.63,2231.25
TXN01147,27/05/2025,2025,5,Q2,Administration,Hamilton,Consulting,Corporate,24236.64,10879.35,1945.92,22856.72,11343.18,2063.32
TXN01829,27/05/2025,2025,5,Q2,Sales,Wellington,Training,SME,11567.78,5214.4,1201.97,11292.28,5385.94,1303.3
TXN00385,28/05/2025,2025,5,Q2,Sales,Auckland,Hardware,SME,15473.63,10320.91,1509.84,14902.99,10041.11,1479.73
TXN00692,28/05/2025,2025,5,Q2,Administration,Hamilton,Training,Corporate,7323.22,2990.26,615.73,7146.4,3221.65,644.8
TXN01071,28/05/2025,2025,5,Q2,Marketing,Wellington,Consulting,Corporate,39450.99,16496.3,4160.44,38750.64,16093.23,4080.92
TXN00153,29/05/2025,2025,5,Q2,Customer Service,Tauranga,Training,Government,7890.64,3726.53,654.5,6631.56,3891.59,635.47
TXN00173,29/05/2025,2025,5,Q2,Administration,Christchurch,Training,Individual,4390.04,1814.4,321.24,4236.75,1905.1,317.36
TXN01521,29/05/2025,2025,5,Q2,Operations,Wellington,Software,Corporate,22448.83,7696.27,1760.06,21615.17,7922.62,1730.95
TXN00799,30/05/2025,2025,5,Q2,Sales,Tauranga,Consulting,SME,17646.87,7172.5,1533.13,15597.2,7405.16,1640.87
TXN01309,31/05/2025,2025,5,Q2,Sales,Christchurch,Hardware,Individual,15346.81,10358.9,1425.83,15509.14,10605.13,1443.03
TXN00226,1/06/2025,2025,6,Q2,Sales,Hamilton,Software,SME,9155.37,2928.14,874.25,9200.03,2898.93,956.6
TXN00022,2/06/2025,2025,6,Q2,Sales,Tauranga,Professional Services,Government,21478.91,8873.78,2168.34,19531.2,8306.35,2025.69
TXN00856,2/06/2025,2025,6,Q2,Sales,Auckland,Consulting,SME,26643.53,11956.53,2643.24,26381.55,12551.93,2677.52
TXN00947,2/06/2025,2025,6,Q2,Customer Service,Christchurch,Software,Government,15076.76,4822.51,1177.07,14444.25,4995.18,1295.2
TXN00600,3/06/2025,2025,6,Q2,Administration,Christchurch,Software,Corporate,16459.05,5518.18,1194.82,15188.79,5467.32,1120.42
TXN00843,3/06/2025,2025,6,Q2,Operations,Wellington,Support Services,SME,11841.89,4139.3,895.7,10573.07,3949.63,892.51
TXN01674,3/06/2025,2025,6,Q2,Operations,Auckland,Training,SME,10320.73,4625.73,777.24,10213.28,4791.8,742.99
TXN00139,5/06/2025,2025,6,Q2,Marketing,Christchurch,Hardware,Government,13045.93,9395.53,1544.62,12927.83,9030.46,1569.39
TXN00929,5/06/2025,2025,6,Q2,Marketing,Auckland,Software,SME,19104.29,6315.24,2264.55,18793.57,6041.11,2337.39
TXN01542,5/06/2025,2025,6,Q2,Administration,Wellington,Hardware,Corporate,13591.5,9544.97,947.06,14303.86,9695.27,852.6
TXN01548,5/06/2025,2025,6,Q2,Customer Service,Auckland,Hardware,Corporate,18037.06,12868.74,1539.3,17660.64,12377.61,1635.24
TXN01790,5/06/2025,2025,6,Q2,Marketing,Auckland,Software,Corporate,31910.81,11269.75,3840.78,27584.92,12132.35,3874.88
TXN01851,5/06/2025,2025,6,Q2,IT,Tauranga,Professional Services,Corporate,29054.44,11664.41,2798.96,31617.92,11874.09,2983.73
TXN00793,7/06/2025,2025,6,Q2,Administration,Auckland,Software,Corporate,30169.1,10372.11,2530.58,29952.31,10281.78,2453.31
TXN00735,8/06/2025,2025,6,Q2,Customer Service,Tauranga,Hardware,Government,13663.37,9740.46,1062.2,12611.74,9549.84,1081.43
TXN00899,8/06/2025,2025,6,Q2,Customer Service,Auckland,Professional Services,Government,26353.14,10889.13,2197.64,24155.21,10405.52,2296.31
TXN01527,8/06/2025,2025,6,Q2,Sales,Wellington,Professional Services,Corporate,34979.64,13879.19,3579.29,35462.58,14377.66,3632.76
TXN00492,9/06/2025,2025,6,Q2,IT,Wellington,Professional Services,Corporate,32660.61,13718.31,3386.33,33764.01,14188.86,3469.68
TXN00550,9/06/2025,2025,6,Q2,IT,Christchurch,Support Services,Government,13024.48,5001.16,1195.07,12525.16,5050.69,1236.81
TXN01474,9/06/2025,2025,6,Q2,Sales,Christchurch,Professional Services,SME,34520.22,14031.27,3835.22,34553.81,14432.03,3901.76
TXN01341,10/06/2025,2025,6,Q2,Customer Service,Hamilton,Hardware,Corporate,19822.73,12461.01,1795.81,19500.81,13170.97,1812.46
TXN00256,12/06/2025,2025,6,Q2,Customer Service,Hamilton,Consulting,Corporate,21358.26,9226.39,2002.1,22130.1,9421.62,2027.12
TXN00511,12/06/2025,2025,6,Q2,Customer Service,Christchurch,Software,Individual,13654.05,4880.25,1116.54,12452.75,4760.84,1079.49
TXN00395,13/06/2025,2025,6,Q2,Customer Service,Wellington,Support Services,Corporate,15086.49,5262.88,1171.11,13984.09,5288.9,1189.26
TXN01094,14/06/2025,2025,6,Q2,IT,Auckland,Support Services,SME,10133.54,4154.58,1046.89,9030.49,4181.23,1039.51
TXN01183,14/06/2025,2025,6,Q2,Sales,Hamilton,Training,Corporate,12026.87,5313.39,1133.29,11429.18,5380.16,1151.45
TXN01945,14/06/2025,2025,6,Q2,Operations,Auckland,Professional Services,Government,26855.14,11317.46,2154.29,25349.73,11300.02,2217.74
TXN00121,15/06/2025,2025,6,Q2,Sales,Auckland,Consulting,SME,27159.91,11205.06,2732.71,24512.52,11581.03,2853.99
TXN00972,15/06/2025,2025,6,Q2,Customer Service,Christchurch,Software,Corporate,31427.56,10287.18,2749.05,30851.39,10701.56,2785.08
TXN01042,15/06/2025,2025,6,Q2,Customer Service,Hamilton,Consulting,Corporate,22643.06,9361.93,1765.15,20833.18,9351.67,1817.92
TXN00562,16/06/2025,2025,6,Q2,Customer Service,Wellington,Professional Services,Government,22359.96,8368.09,2052.45,19776.87,8366.69,2060.21
TXN01509,16/06/2025,2025,6,Q2,Sales,Auckland,Consulting,SME,35026.17,14909.88,3103.13,32992.79,16034.98,2981.14
TXN00330,17/06/2025,2025,6,Q2,Operations,Tauranga,Software,Government,13890.25,4694.08,1284.16,13555.49,4944.53,1280.41
TXN00967,17/06/2025,2025,6,Q2,Operations,Auckland,Support Services,SME,13944.35,5577,1219.47,13296.04,5681.75,1363.38
TXN01108,17/06/2025,2025,6,Q2,Sales,Hamilton,Support Services,SME,9552.31,3769.82,868.47,9386.6,4160.95,896.58
TXN01621,19/06/2025,2025,6,Q2,Customer Service,Christchurch,Hardware,Corporate,15486.73,10535.78,1327.9,15274.78,10147.66,1430.74
TXN00542,21/06/2025,2025,6,Q2,Sales,Wellington,Software,Government,28955,9863.05,2752.69,29462.96,9614.02,2742.31
TXN00128,22/06/2025,2025,6,Q2,Operations,Wellington,Consulting,Corporate,28293.66,11881.17,2049.94,27772.24,12600.36,2216.08
TXN00622,22/06/2025,2025,6,Q2,Operations,Christchurch,Consulting,SME,41270.52,18171.47,3011.44,42963.74,18610.62,2941.44
TXN00801,22/06/2025,2025,6,Q2,Sales,Christchurch,Support Services,SME,14588.93,5599.44,1397.13,14100.08,5541.97,1387.53
TXN01810,22/06/2025,2025,6,Q2,Marketing,Christchurch,Hardware,Corporate,12768.62,8191.02,1537.76,13057.25,8196.34,1580.7
TXN00469,23/06/2025,2025,6,Q2,Customer Service,Wellington,Consulting,Government,36049.45,14451.82,3334.41,33401.97,13358.42,3473.05
TXN01256,23/06/2025,2025,6,Q2,Marketing,Hamilton,Consulting,Individual,18311.51,8177.1,2456.99,17020.56,7682.59,2644.95
TXN00830,24/06/2025,2025,6,Q2,Administration,Christchurch,Support Services,SME,8880.28,3081.63,561.66,8213.56,3036.18,612.75
TXN00570,25/06/2025,2025,6,Q2,Sales,Auckland,Consulting,Government,45592.34,18942.5,4779.99,43394.79,18944.08,4934.89
TXN00671,26/06/2025,2025,6,Q2,Marketing,Wellington,Support Services,Government,15182.24,5781.91,1443.43,15071.84,5792,1439.07
TXN01016,26/06/2025,2025,6,Q2,Sales,Auckland,Software,Corporate,47658.95,15868.1,3956.8,43100.01,15205.31,3945.69
TXN01733,26/06/2025,2025,6,Q2,Sales,Tauranga,Training,Government,9605.07,4498.13,839.45,9220.44,4483.22,812.12
TXN00869,27/06/2025,2025,6,Q2,Sales,Christchurch,Software,Corporate,27592.59,9663.67,2797.13,24978.25,9995.5,2852.85
TXN01020,27/06/2025,2025,6,Q2,Administration,Hamilton,Support Services,Government,12728.06,4600.47,996.57,12122.98,4734.64,1041.68
TXN01487,27/06/2025,2025,6,Q2,Operations,Christchurch,Software,Corporate,20416.85,6948.83,1628.45,19963.32,6906.88,1807.59
TXN00388,29/06/2025,2025,6,Q2,Customer Service,Auckland,Hardware,Government,27390.4,18888.59,2468.67,25697.08,18565.05,2581.64
TXN00042,30/06/2025,2025,6,Q2,Sales,Wellington,Consulting,Corporate,37568.45,14812.42,3479.93,36570.83,14775.34,3623.9
TXN00236,30/06/2025,2025,6,Q2,Administration,Tauranga,Software,Individual,11243.82,3950.69,912.58,10078.72,4092.92,980.03
TXN00821,1/07/2025,2025,7,Q3,Marketing,Christchurch,Consulting,SME,16145.01,6761.87,1585.07,15746.56,6893.81,1670.47
TXN01485,1/07/2025,2025,7,Q3,Customer Service,Auckland,Professional Services,Corporate,31306.08,13319.58,3085.75,30628.25,13683.7,3146.61
TXN01812,1/07/2025,2025,7,Q3,Operations,Christchurch,Professional Services,Corporate,27349.86,11464.48,2136.68,26631.45,11367.88,2059.9
TXN00741,2/07/2025,2025,7,Q3,IT,Auckland,Support Services,Corporate,19718.68,8081.44,1989.07,18834.43,8137.42,1967.76
TXN01665,2/07/2025,2025,7,Q3,Operations,Auckland,Training,Corporate,13653.69,6079.66,1042.45,12249.12,6136.72,1056.36
TXN00299,3/07/2025,2025,7,Q3,Operations,Auckland,Professional Services,SME,20832.33,8828.19,1609.75,19018.88,9023.02,1643.35
TXN01153,3/07/2025,2025,7,Q3,Customer Service,Auckland,Professional Services,Corporate,24380.72,9568.36,2137.96,23043.79,10003.37,2286.4
TXN01568,3/07/2025,2025,7,Q3,IT,Hamilton,Software,SME,22007.9,7408.76,2319.02,19398.67,7508.89,2498.3
TXN01969,3/07/2025,2025,7,Q3,Administration,Auckland,Training,SME,7666.93,3514.57,595.92,7985.24,3628.74,624.08
TXN00048,5/07/2025,2025,7,Q3,Administration,Wellington,Training,SME,7971.04,3877.97,633.29,7616.07,3720.7,660.4
TXN00586,5/07/2025,2025,7,Q3,Sales,Hamilton,Support Services,SME,8097.02,2936.3,796.31,7550.93,3057.94,867.19
TXN00979,5/07/2025,2025,7,Q3,Sales,Christchurch,Software,Corporate,38266.86,13335.92,3845.68,36560.4,13734.18,3671.6
TXN01999,5/07/2025,2025,7,Q3,Marketing,Christchurch,Professional Services,Corporate,37312.3,13998.68,4601.33,37359.92,13934.21,5138.32
TXN00159,6/07/2025,2025,7,Q3,Sales,Hamilton,Software,Individual,11569.91,4266.71,1076.9,11278.81,3917.21,1023.29
TXN00841,6/07/2025,2025,7,Q3,Marketing,Auckland,Consulting,Government,26760.76,11744.52,3124.15,25369.68,11993.23,2885.34
TXN00988,6/07/2025,2025,7,Q3,Customer Service,Christchurch,Professional Services,Individual,14504.08,5753.37,1265.11,14171.09,5737.39,1307.83
TXN01307,6/07/2025,2025,7,Q3,Sales,Hamilton,Hardware,Corporate,17689.33,12894.41,1824.04,17584.6,12718.27,1955.56
TXN01237,7/07/2025,2025,7,Q3,Sales,Christchurch,Software,Corporate,21188.16,7481.72,2095.86,21189.91,7415.44,2157.81
TXN00294,8/07/2025,2025,7,Q3,Sales,Hamilton,Software,Government,25903.31,8545.62,2487.66,27161.67,8748.19,2449.52
TXN01156,8/07/2025,2025,7,Q3,Customer Service,Auckland,Support Services,Individual,11479.45,4153.91,1070.85,10714.98,4335.58,1121.17
TXN01258,8/07/2025,2025,7,Q3,IT,Hamilton,Consulting,Corporate,31466.37,12332.61,2932.11,30506.98,12354.31,2947.09
TXN01852,8/07/2025,2025,7,Q3,IT,Christchurch,Professional Services,Government,18250.11,7258.6,1909.42,18547.35,7548.3,1999.07
TXN00019,9/07/2025,2025,7,Q3,Sales,Auckland,Software,SME,33300.94,11890.67,3269.01,32637.63,11942.96,3600.79
TXN01365,9/07/2025,2025,7,Q3,Customer Service,Hamilton,Hardware,SME,9162.74,5829.76,741.96,9059.19,5888.95,675.95
TXN01383,9/07/2025,2025,7,Q3,Operations,Christchurch,Software,Corporate,35425.51,11795.32,2740.2,32952.83,11865.06,2795.08
TXN00234,10/07/2025,2025,7,Q3,Administration,Tauranga,Training,Corporate,9148.02,4710.01,741.43,8619.91,4701.36,769.82
TXN00613,10/07/2025,2025,7,Q3,Customer Service,Auckland,Hardware,Government,22292.53,14413.42,2006.3,20988.3,14157.44,1894.12
TXN00747,11/07/2025,2025,7,Q3,Sales,Wellington,Support Services,Corporate,15089.75,5782.29,1557.98,14308.43,5959.76,1553.66
TXN01144,12/07/2025,2025,7,Q3,IT,Auckland,Consulting,Corporate,29105.66,12041.46,3347.34,30004.79,12191.56,3323.27
TXN01188,12/07/2025,2025,7,Q3,Administration,Christchurch,Consulting,SME,18278.83,7873.52,1431.35,17967.2,8018.61,1384.25
TXN00041,13/07/2025,2025,7,Q3,Administration,Tauranga,Consulting,Corporate,21453.41,8656.49,1408,20511.04,8213.42,1591.95
TXN00757,13/07/2025,2025,7,Q3,Sales,Wellington,Hardware,Corporate,24006.96,15089.83,2245.83,23503.04,15808.18,2310.63
TXN01319,13/07/2025,2025,7,Q3,Marketing,Tauranga,Software,SME,16500.4,5573.37,2149.82,14771.31,5852.29,2247.7
TXN00976,14/07/2025,2025,7,Q3,IT,Hamilton,Training,Government,7611.96,3681.4,809.29,7552.6,3510.27,809.8
TXN01397,14/07/2025,2025,7,Q3,Customer Service,Christchurch,Software,Individual,11171.04,3644.95,945.66,11579.85,3526.9,887.77
TXN00415,16/07/2025,2025,7,Q3,Operations,Auckland,Support Services,Corporate,14696.26,5411.49,1119.83,13927.9,5527.33,1067.9
TXN00425,16/07/2025,2025,7,Q3,Customer Service,Auckland,Consulting,Individual,13744.03,6043.37,1187.59,12600.58,5974.98,1198.36
TXN00170,17/07/2025,2025,7,Q3,IT,Christchurch,Hardware,Government,16443.07,11020.85,1666.65,15517.03,11103.36,1614.66
TXN01097,17/07/2025,2025,7,Q3,Customer Service,Auckland,Software,Individual,18565.1,6687.5,1568.44,17824.93,7086.46,1606.97
TXN00129,18/07/2025,2025,7,Q3,IT,Auckland,Professional Services,SME,20705.16,8450.14,2196.21,19866.96,8313.17,2435.63
TXN01952,18/07/2025,2025,7,Q3,Operations,Christchurch,Professional Services,Government,18148.49,7321.91,1317.42,17462.97,7111.3,1330.33
TXN01191,19/07/2025,2025,7,Q3,Administration,Christchurch,Software,Corporate,15946.73,5105.79,1148.48,15498.55,5150.16,1119.29
TXN00009,20/07/2025,2025,7,Q3,Customer Service,Auckland,Support Services,Government,14922.75,5592.11,1230.22,13797.79,5761.76,1363.18
TXN00580,20/07/2025,2025,7,Q3,Operations,Wellington,Consulting,Corporate,36482.76,15921.99,3259.56,34828.27,16177.22,3511.28
TXN00961,20/07/2025,2025,7,Q3,Customer Service,Auckland,Professional Services,SME,11682.41,4811.41,992.53,11531.48,4782.88,1084.6
TXN01311,20/07/2025,2025,7,Q3,Marketing,Auckland,Hardware,Corporate,29625.25,20985.88,3232.07,28203.13,20940.05,3103.98
TXN01494,20/07/2025,2025,7,Q3,IT,Tauranga,Training,SME,9069.06,3664.95,887.45,8704.75,3560.84,942.09
TXN00014,21/07/2025,2025,7,Q3,Sales,Auckland,Software,SME,17624.48,6014.09,1690.23,17507.66,6356,1685.02
TXN00246,21/07/2025,2025,7,Q3,Administration,Christchurch,Hardware,Corporate,18588.18,12546.49,1454.2,18681.13,12405.15,1507.3
TXN00985,21/07/2025,2025,7,Q3,Customer Service,Auckland,Hardware,Government,18143.68,12167.03,1517.79,17771.98,12347.16,1454.28
TXN01844,21/07/2025,2025,7,Q3,Administration,Auckland,Professional Services,SME,22173.81,9011.82,1730.67,21463.45,8918.14,1735.32
TXN00582,22/07/2025,2025,7,Q3,Operations,Auckland,Consulting,Government,29103.73,11811.95,2425.42,27146.9,11641.23,2598
TXN00603,22/07/2025,2025,7,Q3,Sales,Auckland,Software,SME,26926.45,8911.62,2514.91,28428.64,9126.08,2584.95
TXN00672,22/07/2025,2025,7,Q3,Operations,Auckland,Software,SME,21857.75,7308.78,1738.68,22845.61,7532.23,1793.93
TXN00860,22/07/2025,2025,7,Q3,Customer Service,Tauranga,Software,Corporate,21338.09,7345.07,1817.47,20127.42,7453.45,1804.51
TXN01338,22/07/2025,2025,7,Q3,Marketing,Christchurch,Training,Individual,5986.01,2740.44,810.08,5999.88,2956.12,810.27
TXN00297,23/07/2025,2025,7,Q3,Sales,Auckland,Training,Corporate,12602.88,6239.33,1251.93,11422.78,6117.67,1200.47
TXN01567,24/07/2025,2025,7,Q3,Sales,Tauranga,Software,Individual,14039.21,4671.96,1320.78,13908.7,4759.88,1321.57
TXN00771,25/07/2025,2025,7,Q3,Customer Service,Auckland,Support Services,Government,15853.93,5837.22,1350.11,14994.29,5723.25,1324.39
TXN00489,26/07/2025,2025,7,Q3,IT,Hamilton,Consulting,SME,21859.7,9527.33,2313.5,22816.7,9954.89,2465.23
TXN00514,27/07/2025,2025,7,Q3,Customer Service,Wellington,Professional Services,Corporate,31277.68,11954.76,2368.19,29705.45,12780.59,2460.3
TXN00877,28/07/2025,2025,7,Q3,Operations,Auckland,Consulting,Government,31003.65,13211.71,2537.98,29958.97,13115.97,2339.38
TXN01061,28/07/2025,2025,7,Q3,IT,Hamilton,Support Services,Individual,6361.3,2465.04,630.58,5891.85,2593.66,689.11
TXN01219,28/07/2025,2025,7,Q3,Administration,Hamilton,Professional Services,Government,12006.04,4650.26,858.49,10645.27,4623.63,906.72
TXN00134,29/07/2025,2025,7,Q3,Sales,Auckland,Software,SME,20671.45,7251.13,2139.92,20024.89,7575.71,2104.92
TXN01218,29/07/2025,2025,7,Q3,Customer Service,Christchurch,Consulting,Corporate,30964.39,13367.46,2530.23,30830.84,13810.99,2561.64
TXN01221,29/07/2025,2025,7,Q3,Marketing,Wellington,Support Services,Government,11136.23,3987.81,1311.55,11630.81,4019.17,1337.32
TXN01019,30/07/2025,2025,7,Q3,Administration,Christchurch,Consulting,Government,18460.57,7768.88,1565.88,17982.75,7572.38,1505.19
TXN01064,30/07/2025,2025,7,Q3,Marketing,Hamilton,Software,Corporate,20764.65,7127.13,2116.26,20170.21,6662.82,2292.36
TXN00155,31/07/2025,2025,7,Q3,Sales,Hamilton,Professional Services,Corporate,26169.83,10778.42,2316,24591.27,10397.33,2139.75
TXN00838,31/07/2025,2025,7,Q3,Marketing,Wellington,Consulting,Individual,13272.89,5793.7,1607.22,11396.6,6352.22,1684.74
TXN00174,1/08/2025,2025,8,Q3,Sales,Christchurch,Hardware,Government,19068.8,13393.05,1694.76,18964.88,12934.41,1744.95
TXN01512,1/08/2025,2025,8,Q3,Sales,Wellington,Consulting,Government,43950.41,18829.35,3817.53,41643.5,18067.18,3928.54
TXN00601,2/08/2025,2025,8,Q3,Customer Service,Christchurch,Consulting,Corporate,24519.4,10612.93,2114.9,24567.47,10778.25,2173.65
TXN01120,2/08/2025,2025,8,Q3,Marketing,Tauranga,Software,Government,13562.14,4281.64,1605.95,12294.44,4502.84,1734.35
TXN01681,2/08/2025,2025,8,Q3,IT,Wellington,Software,SME,14876.69,5161.65,1371.69,14948.06,5240.82,1370.41
TXN01828,2/08/2025,2025,8,Q3,Marketing,Christchurch,Support Services,Government,18713.77,6932.02,2317.14,18328.86,7268.28,2243.5
TXN00362,3/08/2025,2025,8,Q3,Sales,Auckland,Support Services,Corporate,19490.76,7303.87,1921.32,19513.48,7392.94,2042.15
TXN00780,3/08/2025,2025,8,Q3,IT,Auckland,Hardware,SME,26558.39,19012.91,2966.12,27029.56,18901.8,3158.56
TXN01678,3/08/2025,2025,8,Q3,Administration,Tauranga,Consulting,SME,16070.92,6644.7,1253.8,15262.38,6831.21,1219.52
TXN00982,4/08/2025,2025,8,Q3,Sales,Auckland,Consulting,SME,39261.43,16843.85,3553.55,38979.59,17259.04,3479.02
TXN00033,5/08/2025,2025,8,Q3,Operations,Wellington,Software,Corporate,23189.56,7660.8,1718.05,21817.53,7841.8,1588.43
TXN00056,5/08/2025,2025,8,Q3,IT,Christchurch,Support Services,Individual,6566.62,2432.57,640.28,6223.53,2484.55,663.19
TXN00881,5/08/2025,2025,8,Q3,Sales,Christchurch,Hardware,Government,20712.03,13850.78,1790.54,20887.89,13302.69,1943.23
TXN01751,5/08/2025,2025,8,Q3,Customer Service,Hamilton,Consulting,Corporate,29005.72,11363.31,2666.2,27493.88,11215.33,2844.55
TXN00049,6/08/2025,2025,8,Q3,IT,Wellington,Software,Government,20667.08,7112.19,1922.65,21102.8,6954.59,1959.07
TXN00368,6/08/2025,2025,8,Q3,IT,Auckland,Support Services,SME,9006.75,3633.6,850.58,9086.19,3554.39,799.3
TXN00709,6/08/2025,2025,8,Q3,Marketing,Christchurch,Support Services,Corporate,11155.21,4033.56,1429.01,10996.49,4117.14,1461.79
TXN01848,6/08/2025,2025,8,Q3,Customer Service,Christchurch,Professional Services,Corporate,27136.98,11107.58,1890.28,27191.07,11504.55,1899.14
TXN00955,7/08/2025,2025,8,Q3,Sales,Auckland,Software,Individual,14576.85,5143.91,1448.01,14374.02,5165.7,1483.17
TXN01100,7/08/2025,2025,8,Q3,Administration,Tauranga,Hardware,Corporate,15678.29,11322.1,1266.31,15062.58,11420.13,1288.86
TXN01919,7/08/2025,2025,8,Q3,Operations,Christchurch,Training,SME,7975.1,3733.95,556.69,7978.17,3802.77,625.12
TXN00372,8/08/2025,2025,8,Q3,Sales,Auckland,Hardware,Corporate,21519.23,14572.48,2076.17,22631.41,15222.86,2169.23
TXN00571,8/08/2025,2025,8,Q3,Operations,Wellington,Software,Corporate,23094.47,8045.3,1861.91,22630.86,7877.87,1965.09
TXN00670,8/08/2025,2025,8,Q3,Sales,Auckland,Support Services,Government,17721.86,6479.47,1642.53,16430.2,6739.83,1557.53
TXN00703,8/08/2025,2025,8,Q3,Sales,Christchurch,Professional Services,Government,24258.32,9336.61,2279.94,23848.08,9980.71,2266.03
TXN01574,8/08/2025,2025,8,Q3,Administration,Christchurch,Software,Corporate,25108.67,8550.99,2046.33,25157.63,8669.95,2034.41
TXN01939,8/08/2025,2025,8,Q3,Administration,Auckland,Support Services,SME,9980.78,3808.56,786.92,9022.37,3714.52,798.47
TXN01248,9/08/2025,2025,8,Q3,Customer Service,Auckland,Software,Corporate,29503.4,9753.08,2329.52,28369.8,10290.78,2368.07
TXN01659,9/08/2025,2025,8,Q3,Operations,Wellington,Software,SME,18320.09,6349.25,1531.92,19571.77,6853.02,1653.96
TXN00336,10/08/2025,2025,8,Q3,Sales,Tauranga,Support Services,Individual,7143.47,2731.27,668.55,6279.17,2789.5,701.43
TXN00477,10/08/2025,2025,8,Q3,IT,Hamilton,Support Services,Individual,6475.58,2429.33,649.51,6217.82,2427.64,702.53
TXN01298,10/08/2025,2025,8,Q3,Sales,Auckland,Professional Services,Corporate,37691.67,14066.17,3666.29,35228.28,14718.27,3471.25
TXN01426,10/08/2025,2025,8,Q3,IT,Auckland,Professional Services,Government,30047.98,12094.99,3656.45,31372.08,12512.66,3670.03
TXN01941,10/08/2025,2025,8,Q3,Operations,Auckland,Professional Services,Government,34228.39,13745.25,2643.94,32422.71,13649.73,2560.83
TXN00940,11/08/2025,2025,8,Q3,Operations,Auckland,Software,Corporate,27618.85,8914.15,2325.2,28040.99,9290.48,2261.88
TXN01163,11/08/2025,2025,8,Q3,Sales,Auckland,Software,Government,26945.58,8941.76,2597.53,25765.26,8947.25,2431.21
TXN01579,11/08/2025,2025,8,Q3,IT,Auckland,Support Services,Government,20426.1,7831.13,2086.17,20280.62,8002.31,2238.04
TXN01455,12/08/2025,2025,8,Q3,IT,Wellington,Training,SME,12272.32,5523.15,1273.15,13073.24,5626.52,1271.44
TXN01539,12/08/2025,2025,8,Q3,Sales,Christchurch,Software,Individual,14490.14,5115.78,1367.54,13711.42,5068.63,1466.28
TXN01065,13/08/2025,2025,8,Q3,Customer Service,Christchurch,Professional Services,Government,29105.06,11763.02,2623.18,26633.52,11008.38,2744.15
TXN00244,14/08/2025,2025,8,Q3,IT,Christchurch,Software,Corporate,28427.68,8990.59,2608.51,30434.77,9297.1,2692.9
TXN00461,14/08/2025,2025,8,Q3,Customer Service,Hamilton,Software,Government,7096.74,2239.38,553.2,6789.64,2397.69,562.64
TXN01362,14/08/2025,2025,8,Q3,Sales,Hamilton,Hardware,Government,18153.99,12343.17,1471.17,18709.88,12884.84,1460.09
TXN01462,16/08/2025,2025,8,Q3,Operations,Hamilton,Support Services,SME,11967.97,4770.44,1053.02,11728.5,5174.53,1006.96
TXN00190,17/08/2025,2025,8,Q3,IT,Auckland,Hardware,SME,21542.86,14595.7,2505.14,23639.84,14389.62,2565.43
TXN00973,17/08/2025,2025,8,Q3,IT,Tauranga,Consulting,SME,22448.93,9625.47,1903.72,20674.89,9587.62,2087.77
TXN01534,17/08/2025,2025,8,Q3,Marketing,Tauranga,Hardware,Corporate,11833.69,8076.07,1526.93,11227.2,8208.26,1517
TXN01739,17/08/2025,2025,8,Q3,Sales,Auckland,Professional Services,SME,22496.47,8750.95,2053.64,21283.59,8583.69,2084.3
TXN00453,18/08/2025,2025,8,Q3,Sales,Auckland,Training,SME,11939.55,5417.63,1169.68,10932.05,5176.06,1110.47
TXN00485,18/08/2025,2025,8,Q3,Marketing,Wellington,Hardware,Government,14115.1,9931.07,1705.37,13380.57,9984.13,1625.01
TXN01388,19/08/2025,2025,8,Q3,Sales,Auckland,Professional Services,Government,19007.26,7669.15,2019.55,19030.41,7859.18,2065.1
TXN01404,19/08/2025,2025,8,Q3,Administration,Wellington,Software,Government,11801.96,4123.1,878.44,10463.78,4315.32,911.97
TXN01913,19/08/2025,2025,8,Q3,IT,Auckland,Hardware,SME,15750.76,10771.22,1447.3,16218.52,11063.52,1443.03
TXN00610,20/08/2025,2025,8,Q3,Sales,Wellington,Hardware,SME,16434.01,11335.06,1461.5,15950.11,11928.26,1501.72
TXN00707,20/08/2025,2025,8,Q3,Sales,Hamilton,Hardware,SME,20508.59,12848.12,1858.07,20027.28,13390.63,1762.94
TXN01560,20/08/2025,2025,8,Q3,Sales,Auckland,Consulting,Corporate,27443.91,12761.67,2947.23,28950.12,12888.21,2998.11
TXN01975,21/08/2025,2025,8,Q3,Administration,Christchurch,Training,Corporate,8837.04,3898.67,644.73,8285.71,4032.91,674.95
TXN00327,22/08/2025,2025,8,Q3,Sales,Hamilton,Consulting,Corporate,21935.25,9226.18,1911.79,21515.92,9002.26,1874.99
TXN00583,22/08/2025,2025,8,Q3,Customer Service,Auckland,Software,SME,31899.64,10566.31,1924.61,31655.43,10548.59,1807.29
TXN01080,22/08/2025,2025,8,Q3,Sales,Wellington,Software,SME,23512.12,7900.61,2051.88,20240.06,8300.11,2142.09
TXN01086,22/08/2025,2025,8,Q3,Marketing,Auckland,Training,Corporate,10829.78,5084.69,1334.42,11205.9,5038.57,1366.79
TXN01180,22/08/2025,2025,8,Q3,Customer Service,Tauranga,Software,Individual,10284.23,3383.81,944.62,9835.84,3272.98,914.95
TXN00761,23/08/2025,2025,8,Q3,Operations,Christchurch,Professional Services,Individual,13035.21,5534.98,1142.96,12304.35,5671.34,1166.87
TXN00844,23/08/2025,2025,8,Q3,Operations,Tauranga,Support Services,Corporate,13342.67,4947.27,1122.8,14105.41,5346.91,1114.95
TXN01729,23/08/2025,2025,8,Q3,Sales,Auckland,Software,Government,26876.12,9119.27,2672.7,26963.21,9982.15,2732.99
TXN00060,24/08/2025,2025,8,Q3,Customer Service,Tauranga,Support Services,Corporate,11308.6,3956.05,1003.29,10807.27,3846.44,990.62
TXN01077,24/08/2025,2025,8,Q3,IT,Wellington,Professional Services,SME,21551.96,8140.84,2189.16,22255.43,8490.73,2185.19
TXN01351,25/08/2025,2025,8,Q3,Operations,Christchurch,Software,Corporate,20613.05,7031.28,1643.47,20302.81,6955.29,1618.07
TXN01634,25/08/2025,2025,8,Q3,Marketing,Christchurch,Support Services,Corporate,16551.55,7024.11,2052.93,15345.07,6895.94,2096.66
TXN01816,25/08/2025,2025,8,Q3,Marketing,Auckland,Professional Services,SME,26877.95,10944.91,3216.6,25406.92,11245.73,3340.01
TXN00927,26/08/2025,2025,8,Q3,Administration,Christchurch,Consulting,Corporate,31700.25,12941.09,2383.03,29036.91,13110.27,2517.01
TXN01649,26/08/2025,2025,8,Q3,Customer Service,Wellington,Software,Government,21590.36,7253.52,1986.77,22043.87,7470.71,1923.89
TXN01938,26/08/2025,2025,8,Q3,Sales,Auckland,Support Services,Corporate,20119.9,7182.38,1621.11,19438.75,7486.64,1666.71
TXN01161,27/08/2025,2025,8,Q3,Operations,Christchurch,Hardware,SME,10415.19,7239.58,833.52,9448.79,7121.5,832.46
TXN01239,27/08/2025,2025,8,Q3,Marketing,Christchurch,Hardware,SME,13712.96,10026.17,1405.5,14267.29,10738.83,1500.64
TXN01737,27/08/2025,2025,8,Q3,Operations,Wellington,Hardware,Government,16481.91,11501.05,1168.16,16817.59,11638.15,1270.85
TXN01854,28/08/2025,2025,8,Q3,IT,Auckland,Hardware,Corporate,25612.13,20609.54,2481.01,24492.3,20039.85,2670.08
TXN00866,29/08/2025,2025,8,Q3,Sales,Hamilton,Hardware,Corporate,20951.01,13911.56,1858.21,21742.3,13791.85,1858.49
TXN01528,29/08/2025,2025,8,Q3,Administration,Christchurch,Software,Corporate,17002.53,5175.85,1161.38,15968.19,5448.71,1137.21
TXN01826,29/08/2025,2025,8,Q3,Sales,Auckland,Consulting,Corporate,36452.13,15258.84,4085.49,33736.2,15466.38,3935.94
TXN01450,30/08/2025,2025,8,Q3,Marketing,Auckland,Hardware,Corporate,20711.57,15022.92,2389.51,19216.06,15268.56,2480.54
TXN00722,31/08/2025,2025,8,Q3,Customer Service,Auckland,Hardware,Corporate,14314.99,9489.58,1238.38,13547.66,9857.65,1346.92
TXN01050,31/08/2025,2025,8,Q3,Operations,Auckland,Professional Services,SME,17232.78,6612.34,1346.86,17721.87,6692.62,1383.86
TXN01410,31/08/2025,2025,8,Q3,Customer Service,Christchurch,Support Services,Individual,5841.8,1977.15,468.96,6118.39,2087.64,492.84
TXN01505,1/09/2025,2025,9,Q3,Operations,Christchurch,Consulting,SME,34042.76,14187.66,2894.42,33983.88,14306.87,2832.38
TXN01690,1/09/2025,2025,9,Q3,Operations,Christchurch,Support Services,Corporate,14501.99,5729.44,1150.14,14073.8,5957.21,1249.24
TXN01721,2/09/2025,2025,9,Q3,Sales,Tauranga,Support Services,SME,11896.47,4467.67,993.27,11867.86,4450.93,1016.53
TXN00886,3/09/2025,2025,9,Q3,Customer Service,Tauranga,Software,Individual,11478.47,4031.16,876.88,12269.5,4210.89,888.13
TXN01942,3/09/2025,2025,9,Q3,Operations,Wellington,Training,SME,7434.7,3486.11,663.66,6874.49,3471.26,696.33
TXN00531,4/09/2025,2025,9,Q3,Administration,Hamilton,Software,SME,15972.77,5485.94,1180.56,15681.9,5674.04,1155.86
TXN01994,4/09/2025,2025,9,Q3,Customer Service,Wellington,Training,Corporate,9419.28,4112.65,835.12,9432.78,4302.13,843.49
TXN01997,4/09/2025,2025,9,Q3,Sales,Auckland,Training,Government,15028.75,7014.3,1490.82,14727.31,6790.2,1635.8
TXN01802,6/09/2025,2025,9,Q3,Administration,Tauranga,Consulting,Individual,7550.98,3281.89,587.78,7238.22,3366.16,588.29
TXN00400,7/09/2025,2025,9,Q3,IT,Auckland,Consulting,SME,31711.51,13504.34,3308.14,31004.76,13633.08,3340.87
TXN00658,7/09/2025,2025,9,Q3,Sales,Auckland,Professional Services,Government,41409.17,16035.4,4113.01,35433.16,15898.44,4247.33
TXN00718,8/09/2025,2025,9,Q3,Administration,Auckland,Training,SME,8381.05,3824.93,566.47,8138.1,3638.98,568.21
TXN01228,8/09/2025,2025,9,Q3,Sales,Hamilton,Software,Individual,13780.91,4962.55,1377.64,13290.95,4965.04,1412.85
TXN00106,9/09/2025,2025,9,Q3,Customer Service,Auckland,Support Services,Corporate,18975.04,6537.37,1361.25,17273.52,6554.08,1443.91
TXN01109,9/09/2025,2025,9,Q3,Administration,Auckland,Software,Government,20310.9,6394.53,1571.39,19613.41,6363.42,1651.16
TXN01230,9/09/2025,2025,9,Q3,Sales,Wellington,Software,SME,19905.37,6888.88,1494.09,18607.56,6880.73,1554.68
TXN01342,9/09/2025,2025,9,Q3,IT,Wellington,Training,Corporate,15914.25,7252.36,1764.64,14821.46,7204.85,1903
TXN01453,9/09/2025,2025,9,Q3,IT,Hamilton,Hardware,Government,19004.19,12525.84,1933.5,19717.39,12103.03,1962.97
TXN01205,10/09/2025,2025,9,Q3,Sales,Auckland,Consulting,Government,29928.39,12655.94,3069.35,26486.64,12965.68,2932.06
TXN00715,11/09/2025,2025,9,Q3,Sales,Wellington,Hardware,Corporate,17589.31,11670.86,1498.22,16689.4,12657.16,1517.7
TXN01215,11/09/2025,2025,9,Q3,Administration,Hamilton,Support Services,Government,10796.73,4153.56,726.4,10061.41,4073.05,766.38
TXN01240,11/09/2025,2025,9,Q3,IT,Auckland,Training,SME,15342.53,6456.11,1532.68,16702.59,6439.62,1516.74
TXN01408,11/09/2025,2025,9,Q3,Operations,Wellington,Software,Corporate,20718.76,7267.98,1713.41,20616.36,7259.77,1769.93
TXN01241,12/09/2025,2025,9,Q3,Operations,Hamilton,Consulting,SME,21140.51,8399.89,1741.86,18832.18,8666.08,1879.9
TXN00872,13/09/2025,2025,9,Q3,Sales,Christchurch,Support Services,SME,11266.34,4715.78,1051.17,10873.13,4749.36,1019.9
TXN01355,13/09/2025,2025,9,Q3,Operations,Auckland,Hardware,SME,20364.29,13202.24,1569.96,21099.53,13378.97,1504.25
TXN01431,13/09/2025,2025,9,Q3,Marketing,Tauranga,Training,Government,10209.41,4628.13,1229.1,10230.22,4812.42,1188.6
TXN01768,13/09/2025,2025,9,Q3,Marketing,Wellington,Training,Government,11818.83,5354.54,1473.72,11058.55,5519.85,1546.19
TXN00123,14/09/2025,2025,9,Q3,IT,Wellington,Software,Corporate,29753.97,10227.32,2956.33,29696.03,10702.25,2916.16
TXN00776,14/09/2025,2025,9,Q3,Marketing,Wellington,Support Services,SME,10533.66,4132.43,1322.39,10419.1,4027.39,1284.12
TXN00812,14/09/2025,2025,9,Q3,Customer Service,Christchurch,Support Services,SME,11993.7,4424.77,979.67,11764.28,4185.62,1035
TXN00873,14/09/2025,2025,9,Q3,IT,Wellington,Consulting,Government,49502.04,21010.7,4972.97,49028.38,21064.4,5033.21
TXN01701,14/09/2025,2025,9,Q3,Administration,Auckland,Software,SME,12022.3,4574.44,1014,11553.65,4665.53,1064.35
TXN01863,14/09/2025,2025,9,Q3,Administration,Wellington,Hardware,Government,15466.43,10547.85,1261.64,14892.1,11101.8,1342.07
TXN00731,15/09/2025,2025,9,Q3,IT,Tauranga,Hardware,Government,13705.45,9594.74,1278.99,14116.97,9371.3,1274.59
TXN01820,16/09/2025,2025,9,Q3,Operations,Hamilton,Software,SME,15490.25,5675.02,1254.5,15232.73,5940.26,1150.86
TXN00732,17/09/2025,2025,9,Q3,IT,Tauranga,Consulting,Individual,15786.48,6762.82,1730.56,14374.2,7084.27,1709.12
TXN01366,17/09/2025,2025,9,Q3,Sales,Wellington,Training,Individual,8396.96,3570.91,702.65,8421.21,3738.69,724.83
TXN00455,18/09/2025,2025,9,Q3,Customer Service,Christchurch,Training,Corporate,8243.75,3840.18,730.77,8028.72,3730.76,756.21
TXN00526,18/09/2025,2025,9,Q3,IT,Tauranga,Professional Services,Corporate,25989.1,10481.68,2420.03,25930.52,10628.8,2515.37
TXN00654,19/09/2025,2025,9,Q3,Administration,Auckland,Professional Services,Individual,14547.25,5654.33,1078.51,13824.64,5536.37,1144
TXN00995,19/09/2025,2025,9,Q3,Customer Service,Tauranga,Professional Services,SME,15584.31,6499.23,1414.66,14764.13,6781.18,1450.73
TXN01119,19/09/2025,2025,9,Q3,Marketing,Christchurch,Hardware,Corporate,17190.82,11126.5,2134.93,16693.06,11188.1,2206.04
TXN01594,19/09/2025,2025,9,Q3,Marketing,Auckland,Consulting,SME,24914.01,10956.08,2904.4,23453.37,11209.39,3156.67
TXN01550,20/09/2025,2025,9,Q3,Marketing,Hamilton,Professional Services,Government,13750.03,5300.88,1670.12,14501.31,5234.15,1813.48
TXN01656,21/09/2025,2025,9,Q3,Sales,Hamilton,Software,Corporate,22665.93,7841.26,2085.45,21612.76,7868.1,2227.22
TXN00114,22/09/2025,2025,9,Q3,Sales,Auckland,Hardware,Government,24263.01,15664.63,2216.81,23443.09,15789.54,2343.19
TXN00606,22/09/2025,2025,9,Q3,IT,Hamilton,Hardware,Corporate,13430.99,9259.4,1332.6,13336.75,8969.6,1355.13
TXN01008,22/09/2025,2025,9,Q3,Operations,Hamilton,Consulting,Government,26126.88,10628.76,2372.55,25022.28,10770.72,2388.46
TXN01104,22/09/2025,2025,9,Q3,Operations,Wellington,Software,Corporate,27636.89,9843.59,2108.82,27302.41,9824.59,2211.52
TXN00750,23/09/2025,2025,9,Q3,IT,Hamilton,Training,SME,5846.19,2590.31,613.22,5647.76,2719.34,606.62
TXN00275,24/09/2025,2025,9,Q3,Sales,Auckland,Software,Corporate,27545.3,9085.53,2596.44,26419.82,8967.04,2781.04
TXN01416,25/09/2025,2025,9,Q3,Customer Service,Auckland,Software,Corporate,35010.62,11365.54,2725.59,37309.72,11180.3,2723.6
TXN00233,26/09/2025,2025,9,Q3,IT,Christchurch,Consulting,Individual,15417.84,6250.15,1628.02,14181.33,6038.69,1661.83
TXN01444,28/09/2025,2025,9,Q3,Marketing,Wellington,Hardware,Government,19375.02,12836.84,2386.1,19047.17,13079.59,2338.69
TXN01471,29/09/2025,2025,9,Q3,Administration,Christchurch,Professional Services,Individual,9355.93,3540.54,683.69,9289.05,3559.31,678.34
TXN01706,29/09/2025,2025,9,Q3,Customer Service,Christchurch,Support Services,Corporate,17975.29,6482.54,1749.69,17182.54,6314.42,1659.54
TXN00574,30/09/2025,2025,9,Q3,Operations,Auckland,Hardware,SME,21343.87,15000.51,1850.06,19580.33,14383.33,1822.16
TXN01046,30/09/2025,2025,9,Q3,Operations,Wellington,Consulting,Individual,12439.21,5445.75,1042.83,12965.15,5484.47,1020.33
TXN01484,30/09/2025,2025,9,Q3,Marketing,Christchurch,Consulting,Corporate,23671.43,10245.35,2624.09,21474.14,10675.95,2700.26
TXN00509,1/10/2025,2025,10,Q4,Administration,Auckland,Training,Corporate,12259.79,5606.03,840.23,12138.06,6028.65,838.45
TXN00952,2/10/2025,2025,10,Q4,Operations,Hamilton,Support Services,Corporate,12427,4725.05,1044.31,12504.94,4524.09,1045.64
TXN01193,2/10/2025,2025,10,Q4,Administration,Tauranga,Support Services,SME,8119.7,3086.05,640.96,7829.32,3064.08,636.32
TXN00312,3/10/2025,2025,10,Q4,Sales,Auckland,Software,SME,23079.35,8389.05,2377.29,21656.55,7482.44,2319.47
TXN00349,3/10/2025,2025,10,Q4,Sales,Wellington,Software,Corporate,15862.05,5572.22,1405,16535.04,5325.29,1400.6
TXN00512,3/10/2025,2025,10,Q4,Sales,Auckland,Consulting,Corporate,59500.26,25577.93,5911.61,55430.92,27218.95,5579.28
TXN00631,3/10/2025,2025,10,Q4,Sales,Auckland,Consulting,Individual,17448.47,7201.94,1721.81,16365.77,7436.76,1690.38
TXN00046,4/10/2025,2025,10,Q4,Sales,Christchurch,Hardware,Government,19373.34,13591.19,1628.31,18529.98,14418.56,1705.31
TXN00567,4/10/2025,2025,10,Q4,IT,Hamilton,Hardware,Corporate,24898.68,16555.67,2441.58,22834.38,17462.83,2594.95
TXN01057,4/10/2025,2025,10,Q4,Administration,Auckland,Consulting,SME,20968.36,8527.77,1501.57,19998.21,8860.84,1572.18
TXN00974,5/10/2025,2025,10,Q4,Administration,Wellington,Professional Services,Corporate,19254.05,7468.66,1398.33,19310.01,7527.29,1434.21
TXN01171,5/10/2025,2025,10,Q4,Operations,Hamilton,Support Services,SME,7469.84,2870.25,631.4,7537.51,2939.12,623.26
TXN01159,7/10/2025,2025,10,Q4,Administration,Wellington,Support Services,Corporate,24308.96,9111.01,1725.04,22194.47,9511.44,1831.54
TXN01374,7/10/2025,2025,10,Q4,Customer Service,Auckland,Professional Services,SME,22354.52,9705.62,2040.87,19579.13,9755.79,1993.55
TXN01149,8/10/2025,2025,10,Q4,Operations,Auckland,Hardware,Government,14687.67,10105.21,1114.9,14592.86,10725.42,1149.43
TXN01070,9/10/2025,2025,10,Q4,Customer Service,Auckland,Training,Corporate,16258.2,7554.11,1366,15487.33,7554.96,1407.91
TXN00359,10/10/2025,2025,10,Q4,Operations,Auckland,Training,SME,10325.01,4916.79,809.04,9757.18,4745.74,860.35
TXN00370,10/10/2025,2025,10,Q4,Operations,Christchurch,Support Services,SME,6847.2,2502.02,577.78,6536.2,2632.19,582.58
TXN00676,10/10/2025,2025,10,Q4,IT,Auckland,Hardware,SME,24671.48,17302.63,2367.41,24241.21,18207.19,2409.37
TXN01604,10/10/2025,2025,10,Q4,Customer Service,Auckland,Consulting,Corporate,28780.74,11569.31,2477.48,29312.82,11036.87,2635.12
TXN01806,10/10/2025,2025,10,Q4,Operations,Christchurch,Software,Corporate,25829.66,8128.03,2287.69,23608.09,8223.98,2363.23
TXN00513,11/10/2025,2025,10,Q4,Sales,Wellington,Training,SME,9166.92,4049.45,889.93,9002.44,4209.59,928.59
TXN00695,11/10/2025,2025,10,Q4,Sales,Auckland,Consulting,Corporate,34926.13,15106.8,3337.6,34890.51,14943.98,3174.1
TXN00746,11/10/2025,2025,10,Q4,Operations,Christchurch,Professional Services,Government,15199.39,5731.46,1141.37,14273.64,5482.66,1166.13
TXN01400,11/10/2025,2025,10,Q4,Sales,Auckland,Professional Services,Government,29226.78,11417.11,2722.76,26839.04,11711.39,2725.63
TXN00117,12/10/2025,2025,10,Q4,Operations,Wellington,Support Services,Corporate,12774.83,4798.11,990.07,11550.24,4731.11,1037.64
TXN00903,12/10/2025,2025,10,Q4,IT,Wellington,Consulting,SME,23982.01,10187.05,2299.38,24036.12,10007.6,2283.49
TXN00647,13/10/2025,2025,10,Q4,Marketing,Hamilton,Training,Corporate,6643.08,2984.58,790.3,6614.39,3135.25,856.41
TXN00993,13/10/2025,2025,10,Q4,IT,Auckland,Software,Corporate,33164.23,11892.45,3054.57,32848.07,11892.33,3266.52
TXN00292,14/10/2025,2025,10,Q4,Operations,Auckland,Hardware,SME,18328.41,13093.78,1297.15,18457.07,13494.48,1282.87
TXN00354,14/10/2025,2025,10,Q4,Operations,Wellington,Support Services,SME,11249.7,4419.83,914.93,10891.95,4610.18,927.43
TXN00598,14/10/2025,2025,10,Q4,Marketing,Wellington,Consulting,SME,20568.84,9114.72,2567.54,20084.04,8921.4,2548.68
TXN00770,14/10/2025,2025,10,Q4,Operations,Auckland,Consulting,SME,20709.67,8025.55,1672.47,20809.37,8112.49,1735.89
TXN00922,15/10/2025,2025,10,Q4,Customer Service,Hamilton,Training,Government,9636.6,4506.21,847.56,9959.89,4515.99,874.87
TXN00970,15/10/2025,2025,10,Q4,Sales,Hamilton,Training,Government,17040.32,7585.48,1527.55,17529.59,7697.31,1622.66
TXN00001,16/10/2025,2025,10,Q4,Sales,Hamilton,Hardware,Corporate,19914.57,13806.84,1905.2,19449.4,14666.04,1817.22
TXN00158,18/10/2025,2025,10,Q4,Customer Service,Christchurch,Consulting,Individual,10395.56,4462.04,940.8,9832.67,4434.64,902.76
TXN00282,18/10/2025,2025,10,Q4,Operations,Hamilton,Consulting,Individual,9888.4,4184.39,800.66,10769.03,4345.95,824.63
TXN01642,18/10/2025,2025,10,Q4,Sales,Auckland,Consulting,SME,40346.91,16082.43,3973.38,40927.14,16248.5,3974.38
TXN00960,19/10/2025,2025,10,Q4,Sales,Wellington,Software,Individual,18087.26,6251.61,1701.7,17133.25,6207.12,1804.47
TXN01796,19/10/2025,2025,10,Q4,Sales,Hamilton,Hardware,Corporate,17167.19,11308.54,1561.03,16228.93,11484.96,1667.05
TXN00283,20/10/2025,2025,10,Q4,Operations,Hamilton,Software,SME,16814,5492.53,1346.03,17551.63,5536.41,1434.13
TXN01966,20/10/2025,2025,10,Q4,Operations,Hamilton,Support Services,Government,9340.93,3551.69,850.47,9302.11,3633.9,885.69
TXN00765,21/10/2025,2025,10,Q4,Administration,Christchurch,Software,SME,11314.14,3692.09,837.97,11545.34,3762.34,873.51
TXN01135,21/10/2025,2025,10,Q4,IT,Christchurch,Support Services,Corporate,16623.88,6114.72,1739.91,17492.84,6330.63,1800.43
TXN00443,22/10/2025,2025,10,Q4,Marketing,Auckland,Training,Corporate,25427.59,11390.56,2940.01,26000.52,11790.93,2998.27
TXN01967,23/10/2025,2025,10,Q4,Operations,Hamilton,Hardware,SME,18504.16,12566.83,1378.43,17789.4,12877.39,1345.19
TXN00278,24/10/2025,2025,10,Q4,Sales,Wellington,Consulting,SME,32635.72,13727.45,2584.76,33852.14,13868.5,2750.2
TXN00303,24/10/2025,2025,10,Q4,Administration,Auckland,Support Services,Corporate,17428.2,6789.89,1336.19,16901.76,6982.57,1420.44
TXN01908,24/10/2025,2025,10,Q4,Sales,Auckland,Support Services,Government,19970.16,7775.02,2026.16,20142.37,8160.63,2033.2
TXN00447,25/10/2025,2025,10,Q4,Sales,Christchurch,Professional Services,SME,20179.06,8506.37,2062.69,17691.07,8686.43,2048.29
TXN00551,25/10/2025,2025,10,Q4,Operations,Wellington,Consulting,Individual,13687.33,5960.09,1104.4,13477.57,6228.5,1130.42
TXN01324,25/10/2025,2025,10,Q4,Sales,Wellington,Hardware,Corporate,16851.96,12866.6,1764.79,16655.93,12838.11,1745.37
TXN00316,26/10/2025,2025,10,Q4,Operations,Christchurch,Consulting,Government,30413.63,12662.6,2317.43,29268.55,12612.1,2282.01
TXN00383,26/10/2025,2025,10,Q4,Operations,Tauranga,Consulting,Government,30219.64,12491.31,2370,30433.49,13761.21,2261.11
TXN01785,26/10/2025,2025,10,Q4,Customer Service,Auckland,Consulting,Government,43036.82,18251.9,3593.09,40577.29,18294.02,3704.5
TXN00734,27/10/2025,2025,10,Q4,Customer Service,Tauranga,Professional Services,SME,15943.83,6964.25,1228.43,16005.19,6957.69,1198.98
TXN01798,27/10/2025,2025,10,Q4,Sales,Christchurch,Hardware,Individual,8391.97,5565.17,865.53,8411.49,5980.92,915.03
TXN00924,28/10/2025,2025,10,Q4,Customer Service,Auckland,Support Services,Corporate,12330.16,4557.4,1028.49,10727.7,4696.46,1035.34
TXN00044,29/10/2025,2025,10,Q4,Sales,Auckland,Hardware,Government,24547.56,16971.86,2241.33,23901.17,17855.39,2249.78
TXN00599,29/10/2025,2025,10,Q4,Administration,Auckland,Professional Services,Government,21791.36,8509.15,1739.02,22439.05,8656.88,1762.09
TXN01744,29/10/2025,2025,10,Q4,Sales,Auckland,Support Services,Corporate,12238.5,4236.89,1196.73,12268.41,4544.82,1325.64
TXN00346,30/10/2025,2025,10,Q4,Operations,Auckland,Support Services,Corporate,14849.61,5826.07,1105.49,15077.38,6119.35,1116.55
TXN00023,31/10/2025,2025,10,Q4,Marketing,Christchurch,Consulting,Individual,15933.06,6650.84,2015.08,14852.5,7046.88,2120.21
TXN00317,31/10/2025,2025,10,Q4,Customer Service,Auckland,Hardware,Individual,9545.71,6601.26,756.92,9496.98,6234.87,842.42
TXN01623,2/11/2025,2025,11,Q4,Administration,Wellington,Software,SME,20496.21,6898.26,1427.67,20856.45,7397.25,1346.73
TXN01986,2/11/2025,2025,11,Q4,Sales,Christchurch,Professional Services,SME,22596.71,8403.76,1987.8,24065.92,8755.94,2105.39
TXN00798,3/11/2025,2025,11,Q4,IT,Auckland,Professional Services,Individual,17527.43,7108.18,1685.99,19201.72,6908.06,1836.1
TXN00916,3/11/2025,2025,11,Q4,Operations,Tauranga,Training,Corporate,6875.86,2963.16,634.31,6967.05,2930.01,648.13
TXN01085,3/11/2025,2025,11,Q4,Sales,Wellington,Consulting,Corporate,32648.61,13684.62,3066.1,34075.54,14200.46,3282.57
TXN01439,3/11/2025,2025,11,Q4,Operations,Auckland,Support Services,Government,12652.01,4455.58,951.47,13043.31,4433.84,939.87
TXN01267,4/11/2025,2025,11,Q4,Marketing,Christchurch,Hardware,SME,11205.54,7899.36,1428.01,11578.37,8181.23,1492.63
TXN00434,5/11/2025,2025,11,Q4,Operations,Hamilton,Hardware,Government,15102.45,9864.35,1265.51,14174.6,10179.07,1306.95
TXN00576,5/11/2025,2025,11,Q4,Customer Service,Auckland,Software,Government,19012.27,6463.24,1722.69,17840.35,6668.39,1657.91
TXN00800,5/11/2025,2025,11,Q4,Operations,Wellington,Professional Services,SME,21048.7,8931.41,1588.37,19373.86,9550.41,1565.73
TXN00456,6/11/2025,2025,11,Q4,Sales,Auckland,Software,Corporate,33938.89,12413.37,3300.21,32683.03,12403.65,3442.96
TXN00819,6/11/2025,2025,11,Q4,Operations,Auckland,Hardware,SME,16550.59,10423.71,1182.62,17491.06,10208.49,1232.57
TXN00956,6/11/2025,2025,11,Q4,Operations,Christchurch,Consulting,SME,37756.53,16308.59,2966.18,40246.13,16293,3139.66
TXN00163,7/11/2025,2025,11,Q4,Marketing,Wellington,Hardware,SME,17760.09,12448.07,2360.24,16994.71,12588.38,2322.19
TXN00937,7/11/2025,2025,11,Q4,Sales,Wellington,Hardware,Corporate,27046.04,18683.13,2253.53,25301.71,20142.77,2389.77
TXN01394,7/11/2025,2025,11,Q4,Sales,Wellington,Professional Services,Government,34479.17,13113.94,3207.63,31116.36,12862.07,3210.16
TXN01709,7/11/2025,2025,11,Q4,IT,Hamilton,Software,Corporate,23520.72,8201.11,2544.89,23187.72,8305.3,2427.41
TXN00247,8/11/2025,2025,11,Q4,IT,Wellington,Software,Corporate,28556.41,9816.36,2604.02,28496.03,9798.19,2583.19
TXN01127,9/11/2025,2025,11,Q4,Sales,Auckland,Professional Services,SME,33422.73,13221.24,3185.78,33117.26,13330.85,3275.97
TXN01399,9/11/2025,2025,11,Q4,Customer Service,Auckland,Software,Corporate,43646.14,14585.01,3262.77,40848.57,14066.26,3320.71
TXN00068,10/11/2025,2025,11,Q4,Administration,Christchurch,Software,Individual,10821.14,3595.24,828.32,10311.94,3667.88,841.39
TXN00295,11/11/2025,2025,11,Q4,Sales,Wellington,Consulting,Government,44112.72,18708.19,4660.31,42311.37,18381.96,4461.67
TXN00621,11/11/2025,2025,11,Q4,Marketing,Christchurch,Professional Services,SME,19894.08,7950.66,2410.34,19500.48,8148.97,2299.79
TXN01680,11/11/2025,2025,11,Q4,Sales,Tauranga,Support Services,Corporate,12075.7,4417.87,1057.19,11071.45,4594.72,1107.56
TXN00484,12/11/2025,2025,11,Q4,Customer Service,Wellington,Consulting,Government,26467.3,10921.38,2151.2,29448.4,11662.86,2259.43
TXN00779,13/11/2025,2025,11,Q4,Marketing,Auckland,Software,Corporate,39457.38,14199.57,4639.57,36938.23,14440.07,5030.71
TXN00797,14/11/2025,2025,11,Q4,Sales,Wellington,Training,SME,13763.95,6164.38,1359.33,12723.82,6438.91,1473.18
TXN01612,14/11/2025,2025,11,Q4,Customer Service,Christchurch,Hardware,Corporate,16201.59,10655.38,1450.31,16432.66,11050.54,1372.14
TXN01025,15/11/2025,2025,11,Q4,Sales,Christchurch,Hardware,Government,23164.08,16575.42,2179.39,21465.23,16286.93,2316.35
TXN01224,15/11/2025,2025,11,Q4,Sales,Christchurch,Training,Government,11980.24,5388.76,1115.93,11444,5419.21,1123.99
TXN00740,16/11/2025,2025,11,Q4,Customer Service,Auckland,Software,Individual,7273.27,2374.72,608.67,7263.48,2499.35,609.64
TXN00890,16/11/2025,2025,11,Q4,Administration,Christchurch,Hardware,SME,15589.05,10506.9,1076.01,16224.72,10192.94,1045.79
TXN01123,16/11/2025,2025,11,Q4,Operations,Tauranga,Support Services,Individual,5466.25,2208.78,396.12,5125.82,2341.89,377.95
TXN00265,18/11/2025,2025,11,Q4,Operations,Auckland,Software,SME,23285.69,7341.43,1907.57,22378.91,7126.73,2123.17
TXN01227,18/11/2025,2025,11,Q4,Sales,Auckland,Software,Government,37022.46,12134.63,3291.01,35522.23,12404.79,3478.66
TXN00079,19/11/2025,2025,11,Q4,Sales,Wellington,Support Services,Corporate,21564.32,7548.97,1780.75,20290.45,7982.13,1748.1
TXN00589,19/11/2025,2025,11,Q4,IT,Christchurch,Software,Corporate,20613.05,6803.1,2010.86,18392,6845.07,2099.75
TXN00187,20/11/2025,2025,11,Q4,Marketing,Christchurch,Hardware,SME,20407.8,15584.81,2717.51,18874,15890.4,2496.98
TXN00095,21/11/2025,2025,11,Q4,Sales,Wellington,Consulting,SME,28097.59,11313.79,2654.04,28714.96,11866.17,2585.31
TXN00220,21/11/2025,2025,11,Q4,Administration,Auckland,Consulting,Corporate,39826.05,15148.43,2755.82,38942.08,16096.08,3043.12
TXN01197,22/11/2025,2025,11,Q4,Operations,Wellington,Software,Corporate,30329.84,10020.31,2748.04,30487.77,9851.73,2950.25
TXN00143,23/11/2025,2025,11,Q4,Administration,Christchurch,Support Services,Government,12963.24,4932.22,1071.62,12820.79,5464.2,1081.31
TXN01454,23/11/2025,2025,11,Q4,Customer Service,Christchurch,Software,Corporate,25444.02,9124.75,2354.65,26004.55,9224.52,2328.36
TXN00073,24/11/2025,2025,11,Q4,Marketing,Auckland,Professional Services,Individual,18850.86,7121.15,2920.21,18528.92,7133.68,2887.55
TXN00439,24/11/2025,2025,11,Q4,IT,Auckland,Consulting,SME,28856.62,12045.59,3033.58,28554.93,12253.74,3279.13
TXN00604,24/11/2025,2025,11,Q4,Sales,Christchurch,Professional Services,Corporate,25214.2,10035.91,2269.05,25257.77,10390.27,2424.41
TXN00684,24/11/2025,2025,11,Q4,Customer Service,Christchurch,Consulting,SME,29254.9,12371.85,2486.36,27392.08,12483.91,2262.07
TXN01953,24/11/2025,2025,11,Q4,Operations,Auckland,Professional Services,Corporate,36552.18,14501.4,3008.62,33570.14,13727.18,2997.86
TXN00452,25/11/2025,2025,11,Q4,Operations,Auckland,Support Services,SME,9701.29,3250.37,805.49,9775.45,3342.4,844.92
TXN00885,25/11/2025,2025,11,Q4,Operations,Auckland,Professional Services,Corporate,25194.85,10005.7,2225.69,23873.13,10040.06,2312.68
TXN01037,25/11/2025,2025,11,Q4,Customer Service,Christchurch,Support Services,Corporate,10915.75,4039.69,973.44,9972.5,4112.46,991.92
TXN00344,26/11/2025,2025,11,Q4,Customer Service,Auckland,Consulting,SME,23091.63,9912.16,1707.12,22532.11,10322.19,1693.16
TXN00802,26/11/2025,2025,11,Q4,Marketing,Hamilton,Professional Services,Government,24115.03,9206.04,3009.5,22996.49,9766.32,2927.48
TXN01803,27/11/2025,2025,11,Q4,IT,Auckland,Support Services,SME,17841.67,6358.19,1798.79,18212.3,6479.12,1804.83
TXN00147,28/11/2025,2025,11,Q4,Administration,Auckland,Consulting,Individual,10118.63,4407.15,711.04,10181.57,4850.96,705.33
TXN01006,28/11/2025,2025,11,Q4,Administration,Christchurch,Hardware,Corporate,20705.11,13909.93,1561.47,19152.25,14364.81,1561.61
TXN01722,28/11/2025,2025,11,Q4,Customer Service,Auckland,Hardware,Corporate,20725.23,14367.4,1738.55,20349.38,14846.81,1840.8
TXN01789,28/11/2025,2025,11,Q4,Customer Service,Auckland,Support Services,Corporate,17383.03,6756.75,1419.05,16644.52,7292.68,1442.79
TXN00186,29/11/2025,2025,11,Q4,Administration,Auckland,Support Services,Individual,5055.02,1861.45,384.74,4828.24,1956.25,367.25
TXN00260,29/11/2025,2025,11,Q4,Sales,Tauranga,Support Services,SME,13510.64,4680.18,1427.68,12925.88,4609.07,1485
TXN01261,29/11/2025,2025,11,Q4,Sales,Auckland,Professional Services,SME,26100.72,10985.73,2472.48,23028.48,11152.48,2600.64
TXN01842,29/11/2025,2025,11,Q4,Operations,Hamilton,Software,Corporate,22900.42,7630.55,1886.78,22451.84,7966.98,2002.09
TXN01915,29/11/2025,2025,11,Q4,Administration,Auckland,Consulting,Corporate,36137.61,15408.58,2755.69,34807.43,17189.36,2771.17
TXN00364,30/11/2025,2025,11,Q4,Marketing,Christchurch,Support Services,Corporate,15055.88,5569.64,1753.58,14567.64,5705.61,1752.86
TXN01411,30/11/2025,2025,11,Q4,Operations,Auckland,Consulting,Government,41507.26,15516.97,3483.12,42383.94,15232.52,3476.94
TXN01808,30/11/2025,2025,11,Q4,Sales,Wellington,Consulting,Corporate,46537.33,20265.1,4818.89,45152.96,20597.65,5073.14
TXN00999,1/12/2025,2025,12,Q4,IT,Wellington,Software,Individual,13123.28,4665.4,1235.31,12116.75,4528.09,1243.13
TXN01079,1/12/2025,2025,12,Q4,Sales,Hamilton,Training,Individual,6622.15,2778.22,646.94,5905.88,2962.91,654.65
TXN01288,1/12/2025,2025,12,Q4,IT,Auckland,Support Services,Government,13602.08,4839.85,1585.73,12333.01,4646.12,1569.38
TXN01526,1/12/2025,2025,12,Q4,Sales,Auckland,Consulting,Corporate,35488.36,14760.62,3761.64,33275.15,14052.31,3870.25
TXN01880,1/12/2025,2025,12,Q4,Marketing,Wellington,Support Services,Corporate,16644.62,6487.86,1832.65,16083.89,6665.9,1851.12
TXN00540,2/12/2025,2025,12,Q4,IT,Wellington,Software,Corporate,24400.85,7994.57,2322.34,24230.26,8016.2,2342
TXN00552,2/12/2025,2025,12,Q4,Operations,Christchurch,Training,SME,7844,3640.98,596.94,6739.97,3790.62,574.06
TXN00702,2/12/2025,2025,12,Q4,Marketing,Wellington,Software,SME,20933.12,6795.41,2300.02,21124.47,6902.74,2354.49
TXN01517,2/12/2025,2025,12,Q4,Administration,Wellington,Hardware,SME,19988.24,13320.57,1627.52,19814.03,13644.94,1626.33
TXN01658,2/12/2025,2025,12,Q4,Administration,Hamilton,Software,Individual,13901.63,4827.73,1062.72,14233.66,4922.75,1081.42
TXN00087,3/12/2025,2025,12,Q4,Sales,Christchurch,Consulting,Individual,16991.01,7451.58,1742.87,15444.06,7353.02,1700.19
TXN00322,3/12/2025,2025,12,Q4,Operations,Wellington,Support Services,Corporate,16229.19,6155.68,1359.04,17125.06,6023.3,1384.47
TXN00386,3/12/2025,2025,12,Q4,Sales,Auckland,Software,Individual,23194.85,7238.2,2087.73,22312.69,7550.57,2219.19
TXN01095,3/12/2025,2025,12,Q4,Operations,Wellington,Hardware,Government,20428.75,13688.45,1370.48,19413.94,13645.07,1426.74
TXN01380,3/12/2025,2025,12,Q4,IT,Auckland,Support Services,SME,11999.45,4860.65,1307.45,11467.33,4958.53,1242.18
TXN01384,3/12/2025,2025,12,Q4,Marketing,Auckland,Hardware,Corporate,24371.04,14938.36,2779.09,22770.91,14119.26,2955.02
TXN01949,3/12/2025,2025,12,Q4,Sales,Christchurch,Software,SME,13994.14,5427.09,1339.61,13972.85,5526.11,1318.24
TXN00390,4/12/2025,2025,12,Q4,Sales,Auckland,Training,Corporate,22514.56,10460.59,2074.51,21317.48,10302.06,2184.73
TXN00525,4/12/2025,2025,12,Q4,IT,Auckland,Hardware,Corporate,23387.09,14929.22,2586.03,22490.76,15107.38,2785.02
TXN01178,4/12/2025,2025,12,Q4,Operations,Christchurch,Training,Corporate,11746.94,5148.86,985.27,11466.34,5329.82,966.34
TXN01740,4/12/2025,2025,12,Q4,Marketing,Hamilton,Professional Services,Individual,20756.18,8289.68,2517.94,19751.64,8359.03,2790.15
TXN00133,6/12/2025,2025,12,Q4,Sales,Wellington,Consulting,Corporate,41830.07,17314.48,3466.53,43860.12,16308.47,3638.08
TXN00178,6/12/2025,2025,12,Q4,Administration,Wellington,Professional Services,Corporate,24764.75,9661.27,1720.26,25628.8,10132.56,1732.88
TXN01002,6/12/2025,2025,12,Q4,Sales,Auckland,Professional Services,SME,38037.23,14996.2,3740.69,38422.15,15380.01,4188.13
TXN00082,7/12/2025,2025,12,Q4,Operations,Wellington,Professional Services,Government,59961.02,23657.71,4552.88,60271.61,24168.64,4741.13
TXN01168,7/12/2025,2025,12,Q4,Sales,Hamilton,Consulting,Corporate,31050.13,12339.6,3058.05,29941.72,12789.52,3056.91
TXN01456,8/12/2025,2025,12,Q4,Sales,Hamilton,Training,SME,6128.34,2729.6,560.11,6129.89,2745.88,546.13
TXN00051,9/12/2025,2025,12,Q4,Sales,Christchurch,Hardware,SME,17717.14,11603.15,1716.15,17341.07,12421.51,1699.52
TXN00188,9/12/2025,2025,12,Q4,Operations,Auckland,Professional Services,Government,40996.42,16329.61,3388.17,39311.66,16583.94,3681.31
TXN00590,10/12/2025,2025,12,Q4,IT,Christchurch,Support Services,Individual,6139.54,2480.64,580.89,5600.83,2564.42,574.16
TXN00726,10/12/2025,2025,12,Q4,Marketing,Auckland,Support Services,Government,17498.39,6575.82,2152.33,17173,6319.23,2082.12
TXN01920,10/12/2025,2025,12,Q4,Sales,Christchurch,Consulting,Corporate,35503.76,14330.71,3167.87,34137.34,15373.53,3034.01
TXN01675,11/12/2025,2025,12,Q4,IT,Hamilton,Training,Individual,8743.44,4131.9,764.38,8146.98,4051.35,790.74
TXN00274,12/12/2025,2025,12,Q4,IT,Auckland,Consulting,Corporate,40726.54,17176.23,3969.24,37686.16,18012.43,3921.44
TXN01092,12/12/2025,2025,12,Q4,Marketing,Christchurch,Support Services,Government,10851.93,3918.56,1200.3,9287.25,3791.49,1209.03
TXN01329,12/12/2025,2025,12,Q4,Customer Service,Wellington,Professional Services,Corporate,26108.36,10482.28,2025.07,26631.97,10546.5,2022.06
TXN00783,13/12/2025,2025,12,Q4,Customer Service,Wellington,Support Services,Corporate,10649.41,3905.82,895.63,9897.66,3706.3,881.1
TXN01730,13/12/2025,2025,12,Q4,IT,Auckland,Software,SME,20674.29,6619.58,2317.46,20506.54,6606.73,2387.41
TXN00587,14/12/2025,2025,12,Q4,Customer Service,Auckland,Hardware,Corporate,31760.18,21436.23,2563.39,31617.38,20796.46,2643.93
TXN01608,14/12/2025,2025,12,Q4,Administration,Hamilton,Software,Corporate,36686.37,12331.08,3074.84,33696.04,12485.04,3144.73
TXN00350,15/12/2025,2025,12,Q4,Marketing,Christchurch,Consulting,Government,34330.03,14313.62,3859.66,31831.23,15011.14,3829.03
TXN00217,16/12/2025,2025,12,Q4,Operations,Tauranga,Hardware,Corporate,17728.69,11655.6,1274.65,17254.2,11888.59,1305.78
TXN00059,17/12/2025,2025,12,Q4,Operations,Auckland,Consulting,SME,39953.36,16680.73,2850,40034.08,16999.05,2790.44
TXN00208,17/12/2025,2025,12,Q4,Administration,Wellington,Software,Corporate,22964.26,7989.73,1583.58,21580.75,8076.09,1618.32
TXN01825,17/12/2025,2025,12,Q4,Customer Service,Auckland,Support Services,Government,17188.86,6532.01,1557.72,17543.27,6380.56,1670.51
TXN00227,18/12/2025,2025,12,Q4,Customer Service,Auckland,Consulting,Corporate,41235.86,17989.83,3693.85,39630.19,18553.58,3588.35
TXN00305,18/12/2025,2025,12,Q4,Customer Service,Wellington,Consulting,Corporate,40293.12,16580.6,4039.04,36607.7,17560.53,4223.82
TXN00341,18/12/2025,2025,12,Q4,Administration,Wellington,Consulting,SME,35423.49,14657.44,2279.43,31408.7,14532.96,2386.21
TXN00520,18/12/2025,2025,12,Q4,Operations,Hamilton,Software,Government,25815.86,8666.87,2204.54,24418.11,9027.69,2238.13
TXN00679,18/12/2025,2025,12,Q4,Marketing,Auckland,Hardware,Corporate,17836.3,12132.74,2032.27,17718.15,11714.88,2100.84
TXN00694,18/12/2025,2025,12,Q4,Sales,Hamilton,Software,Government,35456.08,10977.09,3197.96,34377.61,11655.07,3252.92
TXN00778,18/12/2025,2025,12,Q4,IT,Hamilton,Professional Services,Government,16710.21,6687.84,1731.09,16794.01,6212.51,1821.09
TXN01632,18/12/2025,2025,12,Q4,Sales,Hamilton,Software,Government,17755.41,5950.18,1728.71,16713.67,5938.35,1709.76
TXN00002,19/12/2025,2025,12,Q4,Marketing,Auckland,Support Services,Government,18296.79,6766.42,2442.38,19461.04,6813.83,2532.72
TXN01644,19/12/2025,2025,12,Q4,Sales,Christchurch,Software,Government,28942.49,10420.11,3094.12,26142.72,10497.19,3225.41
TXN00175,20/12/2025,2025,12,Q4,Sales,Wellington,Consulting,Government,42657.12,18732,4276.52,42653.43,19132.36,4633.97
TXN00468,20/12/2025,2025,12,Q4,Sales,Hamilton,Hardware,Corporate,15608.58,10379.07,1475.53,15390.79,10298.61,1568.36
TXN01204,20/12/2025,2025,12,Q4,Marketing,Christchurch,Training,SME,10344.29,4819.97,1170.73,9761.15,4942.92,1180.36
TXN00851,22/12/2025,2025,12,Q4,Operations,Wellington,Training,Corporate,17214.72,7688.66,1287.82,17094.35,8025.09,1250.66
TXN01855,22/12/2025,2025,12,Q4,Sales,Auckland,Support Services,Government,24963.78,9175.62,2671.34,23624.61,9376.41,2739.74
TXN00404,24/12/2025,2025,12,Q4,Operations,Christchurch,Hardware,SME,19840.69,12837.25,1699.26,20081.08,12399.48,1719.89
TXN00935,24/12/2025,2025,12,Q4,Marketing,Auckland,Support Services,Corporate,11855.79,4473.48,1530.54,11729.71,4505.5,1637.36
TXN00575,25/12/2025,2025,12,Q4,Operations,Christchurch,Support Services,Corporate,22081.47,8436.31,1412.02,19778.57,8495.81,1427.93
TXN00064,27/12/2025,2025,12,Q4,Sales,Christchurch,Consulting,Corporate,34572.4,13666.63,3436.69,31945.8,13752.81,3325.05
TXN00326,27/12/2025,2025,12,Q4,Administration,Auckland,Consulting,SME,24958.13,10648.21,1923.22,23124.14,11115.85,2018.3
TXN01867,27/12/2025,2025,12,Q4,Sales,Auckland,Hardware,Corporate,38955.98,25982.62,3938.39,34511.71,26825.36,3980.27
TXN00418,28/12/2025,2025,12,Q4,Administration,Wellington,Professional Services,Corporate,35089.01,14299.87,2544.04,34796.64,14903.36,2544
TXN00291,29/12/2025,2025,12,Q4,Administration,Christchurch,Software,Corporate,29782.26,10339.89,2188.37,27991.41,9541.35,2286.09
TXN00655,30/12/2025,2025,12,Q4,Sales,Wellington,Consulting,Government,35881.15,15236.61,3187.69,33857.94,14869.5,3312.89
TXN01520,30/12/2025,2025,12,Q4,IT,Christchurch,Software,SME,16287.88,5324.27,1511.74,16751.58,5331.2,1606.11
TXN00524,31/12/2025,2025,12,Q4,Customer Service,Hamilton,Training,Government,14362.56,6604.53,1173.76,14600.05,6686.88,1156.36
TXN00918,31/12/2025,2025,12,Q4,Operations,Tauranga,Software,SME,16487.97,5383.8,1270.58,17169.33,5428.67,1265.71
TXN00863,1/01/2026,2026,1,Q1,Operations,Christchurch,Consulting,Corporate,23442.77,10861.62,1867.18,23597.32,11541.6,1832.04
TXN00642,2/01/2026,2026,1,Q1,Marketing,Auckland,Software,Corporate,29323.49,10018.49,2877.87,28605.27,11034.8,2809.45
TXN00714,2/01/2026,2026,1,Q1,Customer Service,Auckland,Software,Corporate,26018.26,8290.43,2506.67,27033.99,8955.07,2441.12
TXN00829,2/01/2026,2026,1,Q1,Administration,Wellington,Support Services,Corporate,19403.73,6939.8,1451.94,17954.41,6968.46,1467.5
TXN00914,2/01/2026,2026,1,Q1,Administration,Christchurch,Consulting,Corporate,27239.89,11013.11,1999.05,27613.7,11467.82,1900.71
TXN01105,2/01/2026,2026,1,Q1,Operations,Auckland,Support Services,SME,10332.35,3623.42,861.66,9694.66,3752.79,845.86
TXN01585,2/01/2026,2026,1,Q1,Operations,Wellington,Consulting,Government,17537.95,7934.47,1246.21,17028.62,7813.36,1248.21
TXN00021,3/01/2026,2026,1,Q1,Operations,Auckland,Software,SME,18535.92,6337.89,1476.5,17202.84,6236.06,1572.8
TXN00663,3/01/2026,2026,1,Q1,Sales,Hamilton,Training,Government,9412.71,3808.15,1023.92,8686.12,3647.29,1102.37
TXN00842,3/01/2026,2026,1,Q1,Administration,Hamilton,Consulting,SME,15793.85,6824.3,1332.47,15921.53,6896.52,1306.28
TXN01519,4/01/2026,2026,1,Q1,Administration,Auckland,Training,Corporate,19901.18,8669.68,1535.34,18396.38,8415.61,1500.95
TXN00682,5/01/2026,2026,1,Q1,Customer Service,Hamilton,Hardware,Government,21065.52,14095.26,1766.66,20813.99,15007.49,1863.59
TXN01032,5/01/2026,2026,1,Q1,Customer Service,Auckland,Training,Corporate,12958.78,5756.59,1043.73,12627.99,6116.94,1059.76
TXN01928,5/01/2026,2026,1,Q1,Sales,Tauranga,Professional Services,Corporate,30357.99,11234.22,2957.49,30871.21,10311.9,3007.74
TXN00200,6/01/2026,2026,1,Q1,Operations,Auckland,Consulting,Government,36249.06,15045.29,2941.87,34865.99,15186.65,3263.42
TXN00319,7/01/2026,2026,1,Q1,Sales,Christchurch,Consulting,SME,29554.76,12424.62,2925.11,28069.74,12482.74,2707.47
TXN00862,7/01/2026,2026,1,Q1,Customer Service,Christchurch,Consulting,SME,20009.45,9245.48,1805.15,20260.26,9510.18,1948.78
TXN01292,7/01/2026,2026,1,Q1,Sales,Auckland,Software,Corporate,35214.43,12080.43,3416.88,34472.46,12173.23,3350.86
TXN01440,7/01/2026,2026,1,Q1,Sales,Auckland,Training,SME,12335.66,5745.49,1045.32,11615.39,5658.36,1045.18
TXN01921,7/01/2026,2026,1,Q1,Marketing,Auckland,Software,Government,34802.13,11772.99,4118.94,33370.81,12032.67,4098.79
TXN01185,8/01/2026,2026,1,Q1,IT,Auckland,Training,SME,11725.2,5332.08,1174.12,11313.91,5376.52,1202.4
TXN01370,8/01/2026,2026,1,Q1,Marketing,Auckland,Consulting,Government,36935.48,16026.44,4896.98,34279.95,16657.92,5068.07
TXN01814,8/01/2026,2026,1,Q1,Sales,Tauranga,Software,Government,30905.42,11525.68,2763.02,31704.3,12526.35,2721.65
TXN00953,9/01/2026,2026,1,Q1,Marketing,Auckland,Software,Individual,11592.99,4289,1368.3,10972.34,4334.89,1325.84
TXN01470,9/01/2026,2026,1,Q1,Operations,Hamilton,Support Services,SME,13545.19,5299.89,1017.09,12601.1,5466.27,995.26
TXN01106,11/01/2026,2026,1,Q1,Operations,Wellington,Consulting,Corporate,30432.83,13236.37,2484.44,31303.29,12868.19,2519.32
TXN00636,12/01/2026,2026,1,Q1,IT,Tauranga,Support Services,Corporate,11246.22,4324.85,1131.81,10296.25,4606.3,1144.11
TXN00652,12/01/2026,2026,1,Q1,Customer Service,Tauranga,Software,Corporate,27167.08,9408.87,2310.47,25427.94,9071.35,2403.77
TXN00681,12/01/2026,2026,1,Q1,IT,Wellington,Training,SME,10817.67,4678.05,1112.04,10100.62,4774.55,1192.29
TXN01148,12/01/2026,2026,1,Q1,Sales,Tauranga,Training,Government,9716.01,4811.94,959.42,8928.39,4504.5,991.71
TXN01473,12/01/2026,2026,1,Q1,Administration,Tauranga,Consulting,SME,17436.02,7510.88,1338.69,17140.67,7704.78,1436.36
TXN00666,13/01/2026,2026,1,Q1,Customer Service,Auckland,Training,Government,14736.97,6591.38,1340.76,14510.33,6141.98,1391.33
TXN01748,13/01/2026,2026,1,Q1,Marketing,Tauranga,Professional Services,SME,15513.69,6097.88,2005.43,14707.6,6242.89,2127.97
TXN00280,14/01/2026,2026,1,Q1,Customer Service,Auckland,Professional Services,Corporate,32110.97,11939.78,2715.61,32399.41,11941.73,2593.41
TXN00016,15/01/2026,2026,1,Q1,Operations,Hamilton,Hardware,Corporate,17064.02,11456.79,1350.35,17124.96,12013.08,1346.87
TXN00358,15/01/2026,2026,1,Q1,Sales,Tauranga,Consulting,Corporate,32749.6,13612.91,3489.07,29856.71,13863.99,3634.15
TXN01268,15/01/2026,2026,1,Q1,Sales,Christchurch,Support Services,Corporate,15164.52,6194.87,1683.39,14293.87,6337.77,1793.14
TXN00241,16/01/2026,2026,1,Q1,Sales,Christchurch,Consulting,Government,40195.02,17157.13,4061.93,39887.29,16644.59,4088.38
TXN01175,16/01/2026,2026,1,Q1,Sales,Hamilton,Training,Corporate,12497.84,5908.05,1253.74,12526.83,5920.78,1231.93
TXN01160,17/01/2026,2026,1,Q1,Administration,Auckland,Consulting,Corporate,24685.67,9935.6,1915.59,25217.97,9886.96,2026.72
TXN01420,18/01/2026,2026,1,Q1,Sales,Tauranga,Training,Individual,5630.82,2564.63,498.37,5697.24,2777.4,536.89
TXN00012,19/01/2026,2026,1,Q1,Marketing,Auckland,Training,Government,10177.11,4545.42,1148.3,9761.16,4729.68,1132.33
TXN01831,19/01/2026,2026,1,Q1,Sales,Auckland,Software,Corporate,24087.81,7930.44,2204.1,23523.92,7773.26,2212.6
TXN00787,20/01/2026,2026,1,Q1,Sales,Christchurch,Software,Corporate,28160.18,9806.38,2393.14,24390.76,10372.49,2509.37
TXN00854,20/01/2026,2026,1,Q1,Operations,Auckland,Training,SME,7074.68,3177.28,573.85,6660.63,3149.17,571.56
TXN01143,20/01/2026,2026,1,Q1,Administration,Christchurch,Hardware,SME,9948.67,6729.77,774.95,9778.5,7536.9,761.57
TXN01576,20/01/2026,2026,1,Q1,Operations,Wellington,Training,Corporate,13269.87,6188.34,1174.85,12987.96,6437.8,1139.05
TXN01708,20/01/2026,2026,1,Q1,IT,Hamilton,Training,Corporate,12131.6,5801.67,1249.09,12101.56,6008.51,1290.33
TXN00538,21/01/2026,2026,1,Q1,Customer Service,Hamilton,Software,Government,23882.02,8377.45,2109.82,21472.51,8122.29,2114.37
TXN01337,21/01/2026,2026,1,Q1,Administration,Auckland,Consulting,Government,35462.6,14635.32,2953.18,34308.81,14261.74,3274.52
TXN00516,22/01/2026,2026,1,Q1,Marketing,Auckland,Support Services,SME,17138.07,6622.81,1985.03,16631.41,6398.86,1934.43
TXN00553,22/01/2026,2026,1,Q1,Operations,Wellington,Professional Services,Corporate,21554.74,9003.72,1806.05,21170.24,9301.59,1697.99
TXN01234,22/01/2026,2026,1,Q1,Customer Service,Hamilton,Support Services,SME,5963.36,2379.02,507.76,5916.97,2310.91,515.17
TXN00980,23/01/2026,2026,1,Q1,Administration,Tauranga,Hardware,SME,11746.35,8445.73,781.1,11161.01,8521,837.32
TXN01510,24/01/2026,2026,1,Q1,Marketing,Hamilton,Support Services,Corporate,11945.84,4449.94,1629.28,11352.64,4558.43,1650.28
TXN00875,25/01/2026,2026,1,Q1,Sales,Hamilton,Training,Corporate,23659.57,9514.47,2203.87,21283.69,10020.15,2230.37
TXN01225,25/01/2026,2026,1,Q1,Operations,Wellington,Training,Government,13419.76,6408.94,1035.11,12881.7,6453.48,1010.89
TXN01593,25/01/2026,2026,1,Q1,Administration,Auckland,Hardware,Government,14603.76,9639.43,948.54,13989.79,9670.87,1012.84
TXN00342,26/01/2026,2026,1,Q1,Sales,Hamilton,Software,SME,20677.43,7565.67,1993.58,19290.45,7361.96,1989.23
TXN00380,27/01/2026,2026,1,Q1,Sales,Tauranga,Professional Services,Government,27488.97,10787.9,2568.82,26746.21,11069.23,2759.12
TXN01971,27/01/2026,2026,1,Q1,Sales,Hamilton,Professional Services,SME,23168.83,9075.03,2106.27,22889.68,9014.51,2019.41
TXN01435,28/01/2026,2026,1,Q1,Marketing,Christchurch,Support Services,Government,15659.9,6214.36,1839.56,14254.03,6589.23,1683.79
TXN00498,29/01/2026,2026,1,Q1,Customer Service,Tauranga,Software,Individual,9654.26,2899.41,854.15,9351.59,3028.66,818.69
TXN00505,29/01/2026,2026,1,Q1,IT,Hamilton,Support Services,SME,11054.76,4205.82,1170.11,10643.39,4326.27,1153.19
TXN01284,29/01/2026,2026,1,Q1,Administration,Auckland,Professional Services,Government,29405.57,11596.82,2248.05,26801.57,12083.76,2136.26
TXN01757,29/01/2026,2026,1,Q1,IT,Tauranga,Software,Individual,13594.39,4494.06,1360.4,13855.84,4418.2,1335.11
TXN00393,30/01/2026,2026,1,Q1,Marketing,Wellington,Support Services,Government,13039.87,5075.61,1499.48,11010.8,5031.49,1594.25
TXN00157,2/02/2026,2026,2,Q1,Sales,Auckland,Consulting,Government,35367.95,16393.7,2874.98,33017.68,16722.02,2962.21
TXN01917,2/02/2026,2026,2,Q1,Administration,Auckland,Hardware,Government,17740.58,11652.87,1443.39,17367.03,12134.82,1414.58
TXN00097,3/02/2026,2026,2,Q1,Operations,Auckland,Consulting,Corporate,35384.96,14452.14,3011.53,34238.2,14128.06,3018.93
TXN00493,3/02/2026,2026,2,Q1,Customer Service,Tauranga,Hardware,Corporate,14949.7,10196.33,1402.67,15219.17,10622.73,1474.7
TXN01281,3/02/2026,2026,2,Q1,Administration,Auckland,Consulting,SME,20660.94,8447.71,1434.03,21255.7,8197.16,1467.75
TXN01758,3/02/2026,2026,2,Q1,Marketing,Wellington,Training,Government,12170.96,5805.38,1548.73,12239.38,5709.31,1500.82
TXN01910,3/02/2026,2026,2,Q1,Customer Service,Auckland,Professional Services,SME,19599.26,7900.31,1644.66,17736.74,8180.82,1654.26
TXN01983,3/02/2026,2026,2,Q1,Customer Service,Hamilton,Support Services,Individual,4265.79,1596.01,363.69,4072.24,1654.75,403.81
TXN00213,4/02/2026,2026,2,Q1,Operations,Christchurch,Training,Government,8551.75,3862.11,762.05,9022.69,4042.28,809.66
TXN01552,4/02/2026,2026,2,Q1,Operations,Wellington,Support Services,Corporate,12988.8,4863.81,1102.07,12637.97,4939.19,1130.53
TXN00723,5/02/2026,2026,2,Q1,Marketing,Tauranga,Consulting,Government,19646.51,8431.27,2365.18,20236.05,8713.54,2360.34
TXN00845,6/02/2026,2026,2,Q1,Sales,Wellington,Consulting,SME,29347.36,12035.4,2503.56,27810.24,11989.97,2473.12
TXN01712,6/02/2026,2026,2,Q1,Customer Service,Wellington,Software,Corporate,39353.54,13385.91,3113.48,38460.93,13696.56,2986.75
TXN00091,7/02/2026,2026,2,Q1,Operations,Tauranga,Software,Corporate,17934.74,5938.88,1431.68,15841.9,6072.96,1411.99
TXN00430,7/02/2026,2026,2,Q1,Administration,Wellington,Software,Individual,8960.63,3001.76,664.91,7668.46,3178.12,698.19
TXN01202,7/02/2026,2026,2,Q1,IT,Wellington,Training,Corporate,12332.02,5597.94,1132.31,11959.62,5311.66,1121.96
TXN01304,7/02/2026,2026,2,Q1,IT,Wellington,Consulting,Individual,23523.09,10551.95,2415.14,22551.87,10636.33,2471.35
TXN01538,7/02/2026,2026,2,Q1,Sales,Christchurch,Professional Services,Corporate,34275.09,14384.57,3438.87,34349.93,14594.11,3428.89
TXN01888,7/02/2026,2026,2,Q1,Operations,Wellington,Consulting,SME,20108.98,7963.64,1746.19,19638.86,8120.23,1721.4
TXN00501,8/02/2026,2026,2,Q1,Marketing,Wellington,Consulting,Corporate,29336.13,11347.2,3385.2,28214.8,11498.52,3493.74
TXN01137,8/02/2026,2026,2,Q1,Marketing,Christchurch,Software,Government,26072.39,7678.05,3190.13,26744.86,8240.87,3266.18
TXN00376,9/02/2026,2026,2,Q1,IT,Wellington,Hardware,Corporate,19799.57,13437.03,2159.04,19780.54,14090.72,2232.12
TXN00708,9/02/2026,2026,2,Q1,Operations,Wellington,Support Services,SME,9045.3,3299.33,659.44,8785.4,3377.61,655.7
TXN00884,9/02/2026,2026,2,Q1,Sales,Hamilton,Consulting,SME,21225.78,9345.56,2078.51,19959.58,9278.08,2180.8
TXN01223,9/02/2026,2026,2,Q1,Sales,Auckland,Professional Services,SME,18707.43,7587.73,1795.56,18863.64,7311.67,1799.56
TXN01274,9/02/2026,2026,2,Q1,Customer Service,Auckland,Hardware,Government,20704.27,15013.21,1774.58,20322.21,16092.97,1847.33
TXN01315,9/02/2026,2026,2,Q1,Marketing,Christchurch,Software,Corporate,22815.22,7858.73,2604.04,21506.58,8086.64,2537.67
TXN01334,9/02/2026,2026,2,Q1,Marketing,Wellington,Hardware,Government,11064.84,7347.18,1301.47,10392.25,7368.94,1367.47
TXN00210,10/02/2026,2026,2,Q1,Customer Service,Christchurch,Support Services,Corporate,14218.82,5721.13,1254.81,14302.85,5883.46,1371.18
TXN01693,11/02/2026,2026,2,Q1,Operations,Wellington,Software,Government,24281.82,7903.66,2132.8,22405.33,8170.5,2279.51
TXN01954,12/02/2026,2026,2,Q1,IT,Christchurch,Support Services,Individual,7156.39,2815.02,689.34,6899.91,2785.83,709.57
TXN00361,13/02/2026,2026,2,Q1,Operations,Tauranga,Support Services,Corporate,10032.62,3812.18,820.84,9576.14,3704.93,795.92
TXN01251,13/02/2026,2026,2,Q1,Marketing,Christchurch,Training,Corporate,7851.39,3707.01,1019.56,7153.79,3749.47,1060.07
TXN00251,14/02/2026,2026,2,Q1,Operations,Tauranga,Software,Corporate,13978.6,4606.46,1248.84,13653.88,4611.17,1207.02
TXN00820,14/02/2026,2026,2,Q1,Sales,Christchurch,Support Services,Government,23293.98,8356.81,1800.21,21744.84,8701.6,1808.76
TXN01653,14/02/2026,2026,2,Q1,Customer Service,Auckland,Software,SME,21559.11,7352.48,1853.76,21263.15,7336.5,1989.28
TXN01899,14/02/2026,2026,2,Q1,Administration,Auckland,Hardware,Corporate,17425.02,12349.73,1348.54,17463.21,12290.82,1331.26
TXN00253,15/02/2026,2026,2,Q1,Customer Service,Auckland,Software,Government,18794.26,6097.32,1534.26,18633.82,6380.15,1488.1
TXN01306,15/02/2026,2026,2,Q1,Sales,Tauranga,Professional Services,SME,21588.6,8835.28,2488.27,20660.91,8463.93,2723.26
TXN01615,15/02/2026,2026,2,Q1,Administration,Tauranga,Training,SME,6801.92,2967.46,544.42,6801.35,3023.94,568.02
TXN01948,15/02/2026,2026,2,Q1,Sales,Auckland,Consulting,Corporate,52641.46,21281.28,4914.13,55205.83,21009.06,5269.54
TXN01059,16/02/2026,2026,2,Q1,Marketing,Hamilton,Training,SME,7156.83,3088.94,795.53,7125.72,3080.51,780.69
TXN01273,16/02/2026,2026,2,Q1,Marketing,Wellington,Software,SME,23082.5,7451.84,2634.08,23057.15,7464.52,2815.05
TXN01564,16/02/2026,2026,2,Q1,Operations,Hamilton,Professional Services,Corporate,21295.79,8421.34,1642.92,20978.37,8819.94,1823.52
TXN01862,16/02/2026,2026,2,Q1,Sales,Christchurch,Support Services,Government,15204.99,5727.35,1329.81,13952.56,5739.97,1383.1
TXN01878,16/02/2026,2026,2,Q1,Operations,Auckland,Training,Corporate,11664.51,4962.14,908.74,11428.5,5025.65,912.77
TXN01959,17/02/2026,2026,2,Q1,Sales,Hamilton,Training,SME,14840.4,6578.87,1506.5,15294.32,6545.15,1522.98
TXN00533,18/02/2026,2026,2,Q1,Customer Service,Wellington,Consulting,Corporate,35789.59,15851.13,2946.42,36743.61,15721.04,2925.57
TXN01717,18/02/2026,2026,2,Q1,Sales,Tauranga,Support Services,Corporate,9744.38,3609.54,836.15,9248.57,3709.95,909.57
TXN00052,19/02/2026,2026,2,Q1,IT,Auckland,Support Services,Corporate,20460.02,8303.23,1669.01,18369.94,8548.64,1647.73
TXN00908,19/02/2026,2026,2,Q1,IT,Wellington,Consulting,Corporate,28065.89,10895.26,2691.22,30020.91,11486.45,2950.36
TXN01710,19/02/2026,2026,2,Q1,IT,Tauranga,Software,Corporate,27585.62,9725.14,2689.31,26483.85,9996.1,2875.08
TXN01407,20/02/2026,2026,2,Q1,Administration,Auckland,Software,Individual,12470.13,4126.75,1055.67,11947.7,4005.57,1054.38
TXN01424,20/02/2026,2026,2,Q1,IT,Wellington,Software,SME,20798.7,7297.91,2215.77,19849.92,6677.66,2225.65
TXN01779,20/02/2026,2026,2,Q1,Customer Service,Auckland,Hardware,Government,19767.17,14632.23,1776.64,18983.96,15414.84,1745.5
TXN01282,21/02/2026,2026,2,Q1,Administration,Auckland,Software,Corporate,26016.22,8661.92,1602.97,24825.14,9044.85,1562.12
TXN01372,21/02/2026,2026,2,Q1,Customer Service,Auckland,Professional Services,Corporate,30345.24,12461.88,2542,31132.28,13097,2622.17
TXN01571,21/02/2026,2026,2,Q1,Marketing,Hamilton,Professional Services,Individual,15190.66,6244.71,1425.92,14638.21,6508.63,1389.79
TXN00394,22/02/2026,2026,2,Q1,IT,Auckland,Hardware,SME,11340.12,7795.15,1041.74,11128.51,7842.83,1052.33
TXN01614,22/02/2026,2026,2,Q1,Marketing,Wellington,Hardware,Corporate,19545.78,13888.71,2341.9,18788.59,13982.62,2472.86
TXN00887,23/02/2026,2026,2,Q1,Sales,Auckland,Hardware,SME,20219.34,13998.62,2037.1,20330.63,15095.67,1942.26
TXN00281,24/02/2026,2026,2,Q1,Administration,Christchurch,Hardware,Individual,11170.67,7416.57,751.7,10096.94,7699.03,717.12
TXN00878,24/02/2026,2026,2,Q1,Sales,Auckland,Support Services,SME,11743.19,4179.71,1282.61,11018.34,4238.51,1213.8
TXN00907,24/02/2026,2026,2,Q1,Administration,Hamilton,Consulting,SME,20820.45,8464.36,1497.54,19906.88,8697.39,1655.69
TXN00006,25/02/2026,2026,2,Q1,Administration,Auckland,Software,Corporate,22448.23,7930.98,1941.49,21049.65,7889.76,2097.47
TXN00357,25/02/2026,2026,2,Q1,Administration,Wellington,Professional Services,Corporate,28182.02,11098.14,2013.76,24856.79,11900.03,2103.08
TXN00148,26/02/2026,2026,2,Q1,Sales,Christchurch,Consulting,Government,38780.82,17240.26,2992.2,37736.26,18837.17,2979.61
TXN00548,27/02/2026,2026,2,Q1,Marketing,Wellington,Software,Corporate,15466.23,5234.41,2019.32,14825.32,5467.62,1966.72
TXN01170,27/02/2026,2026,2,Q1,Marketing,Christchurch,Software,Corporate,17308.66,5940.51,2088.27,16199.34,6122.51,2012.47
TXN01765,27/02/2026,2026,2,Q1,Marketing,Christchurch,Professional Services,Corporate,19684.34,7509.2,2319.42,18450.02,7606.74,2316.89
TXN00273,28/02/2026,2026,2,Q1,Marketing,Auckland,Professional Services,SME,23780.93,9348.09,2633.42,22083.92,9769.8,2618.65
TXN00348,28/02/2026,2026,2,Q1,Operations,Hamilton,Software,Corporate,13932.65,4748.99,1172.31,13159.12,4822.45,1238.89
TXN01946,28/02/2026,2026,2,Q1,Administration,Christchurch,Support Services,SME,5370.03,1908.88,388.24,4396.72,1888.55,363.36
TXN00849,1/03/2026,2026,3,Q1,Operations,Christchurch,Consulting,Government,25124.31,11067.72,2072.34,24682.31,11774.2,2211.24
TXN00853,1/03/2026,2026,3,Q1,IT,Auckland,Support Services,Government,15888.05,6268.71,1352.36,15595.99,6295.98,1284.55
TXN01633,1/03/2026,2026,3,Q1,Marketing,Wellington,Software,SME,18712.8,6276.62,2341.77,18848,6159.37,2292.62
TXN00145,2/03/2026,2026,3,Q1,Administration,Auckland,Hardware,Government,16979.99,11522.37,1389.76,16752.49,12174.21,1505.66
TXN00302,2/03/2026,2026,3,Q1,Marketing,Auckland,Software,SME,20787.47,7549.13,2192.35,19821.44,8113.79,2210.83
TXN00454,2/03/2026,2026,3,Q1,Marketing,Auckland,Software,Corporate,27222.38,9635.42,3449.7,28077.64,9339.07,3378.39
TXN01395,2/03/2026,2026,3,Q1,Sales,Wellington,Consulting,Corporate,40117.27,17569.39,3541.68,34191.52,18205.77,3733.51
TXN00179,3/03/2026,2026,3,Q1,Operations,Christchurch,Training,SME,7193.15,3170.71,596.26,6705.78,3162.52,611.31
TXN00324,4/03/2026,2026,3,Q1,IT,Wellington,Consulting,Government,35846.91,15047.59,3889.36,34073.25,15330.58,3805.66
TXN01830,4/03/2026,2026,3,Q1,Customer Service,Auckland,Software,SME,20741.27,7228.06,1553.23,19630.14,7206.06,1571.08
TXN00442,6/03/2026,2026,3,Q1,Sales,Wellington,Professional Services,Corporate,39223.9,15925.12,4479.33,40124.82,16333.77,4760.61
TXN01415,6/03/2026,2026,3,Q1,Marketing,Tauranga,Software,Corporate,18273.97,6064.54,2333.37,15972.83,6052.92,2165.38
TXN01636,6/03/2026,2026,3,Q1,Customer Service,Auckland,Training,SME,9141.62,3716.56,847.68,8586.4,3807.51,884.38
TXN01047,7/03/2026,2026,3,Q1,Sales,Auckland,Support Services,Corporate,25836.34,10031.96,2578.96,23622.63,11105.2,2516.72
TXN00011,8/03/2026,2026,3,Q1,Customer Service,Tauranga,Support Services,SME,7630.86,3135.33,639.96,7418.82,3263.65,642.12
TXN01314,8/03/2026,2026,3,Q1,Sales,Wellington,Consulting,SME,41199.4,16904.83,4071.28,41053.59,15365.78,4224.51
TXN00522,9/03/2026,2026,3,Q1,Customer Service,Wellington,Consulting,Government,33740.4,14428.57,2681.92,34381.59,14965.66,2553.56
TXN00625,9/03/2026,2026,3,Q1,Operations,Wellington,Hardware,SME,15558.84,10309.17,1088.95,14241.42,10869.53,1141.11
TXN01667,9/03/2026,2026,3,Q1,IT,Auckland,Training,SME,9487.92,4254.47,1028.72,8924.66,4589.66,999.29
TXN01911,9/03/2026,2026,3,Q1,IT,Auckland,Professional Services,Corporate,40215.11,15918.07,4277.25,39575.96,16976.98,4661.63
TXN00557,11/03/2026,2026,3,Q1,Customer Service,Auckland,Consulting,SME,23242.12,9876.84,2119.48,22322.24,9487.46,2170.28
TXN00573,11/03/2026,2026,3,Q1,Operations,Hamilton,Training,Corporate,7423.28,3356.82,523.58,7520.14,3559.81,561.98
TXN01045,11/03/2026,2026,3,Q1,IT,Tauranga,Hardware,SME,7649.48,4938.66,769.89,7828.67,5037.87,832.89
TXN00515,12/03/2026,2026,3,Q1,Sales,Hamilton,Software,SME,18213.21,6125.88,1679.93,18899.36,6097.47,1736.91
TXN01327,12/03/2026,2026,3,Q1,Customer Service,Hamilton,Professional Services,Corporate,23903.25,9275.43,2086.67,23353.32,9168.84,2052.49
TXN00329,15/03/2026,2026,3,Q1,Operations,Christchurch,Support Services,Government,12715.42,4847.53,1049.95,12881.74,4959.51,1135.83
TXN00581,15/03/2026,2026,3,Q1,Sales,Christchurch,Consulting,Government,30246.39,13149.65,3096.97,29840.94,13647.47,3498.75
TXN00544,16/03/2026,2026,3,Q1,Sales,Wellington,Software,Government,23068.23,7450.39,1940.7,22807.61,7416.35,1931.41
TXN01113,16/03/2026,2026,3,Q1,IT,Christchurch,Support Services,Government,14223.93,5118.88,1419.74,13944.42,5080.85,1398.62
TXN01713,16/03/2026,2026,3,Q1,Marketing,Auckland,Professional Services,SME,28128.61,10879.39,3396.3,25895.68,10407.22,3412.72
TXN01858,16/03/2026,2026,3,Q1,Administration,Hamilton,Software,SME,12858.3,4659.7,983.97,12019.01,4793.43,988.13
TXN00466,17/03/2026,2026,3,Q1,IT,Christchurch,Hardware,Individual,10932.68,7277.42,1074.58,10725.45,7175.21,1132.38
TXN00084,18/03/2026,2026,3,Q1,Customer Service,Auckland,Professional Services,Corporate,26288.86,11327.44,2354.68,27048.22,11565.06,2404.73
TXN01189,18/03/2026,2026,3,Q1,Sales,Wellington,Software,SME,20313.68,6746.59,2052.53,18586.51,6818.87,1995.21
TXN01595,18/03/2026,2026,3,Q1,Operations,Hamilton,Consulting,Corporate,18798.11,7578.14,1438.81,19087.23,7731.08,1460.8
TXN00085,19/03/2026,2026,3,Q1,Administration,Christchurch,Software,Corporate,17088.12,5881.56,1305.94,15884.56,6032.11,1278.45
TXN00473,19/03/2026,2026,3,Q1,Operations,Hamilton,Hardware,Corporate,10015.78,6960.21,843.36,10317.59,6972.72,885.21
TXN01922,19/03/2026,2026,3,Q1,Sales,Auckland,Software,Government,18888.46,6873.23,1723.62,18333.64,7131.73,1743.32
TXN01310,20/03/2026,2026,3,Q1,Sales,Christchurch,Software,SME,20856.94,6850.98,1983.58,21316.38,6753.85,1879.03
TXN00107,21/03/2026,2026,3,Q1,Operations,Auckland,Support Services,Individual,9239.48,3370.65,874.64,8576.01,3589.83,956.91
TXN00633,21/03/2026,2026,3,Q1,Customer Service,Hamilton,Software,Individual,14075.91,5112.13,1171.01,13210.08,5409.93,1228.82
TXN01569,21/03/2026,2026,3,Q1,Customer Service,Tauranga,Support Services,Corporate,16988,6416.78,1570.56,17735.81,6568.3,1506.2
TXN01853,22/03/2026,2026,3,Q1,IT,Auckland,Software,Corporate,26753.15,9425.12,2689.59,25625.94,9736.45,2929.35
TXN00748,23/03/2026,2026,3,Q1,Customer Service,Wellington,Training,Government,11158.16,5043.31,915.72,11833.66,5088.29,1012.4
TXN01481,24/03/2026,2026,3,Q1,Sales,Tauranga,Consulting,Corporate,22449.98,9202.78,2107.72,21586.63,9294.12,2046.31
TXN01869,24/03/2026,2026,3,Q1,Operations,Christchurch,Hardware,Individual,11620.88,7271.9,897.74,10902.34,7352.05,899.28
TXN01974,24/03/2026,2026,3,Q1,Sales,Christchurch,Consulting,SME,21166.19,9268.46,2165.65,20568.21,9469.56,2008.29
TXN00749,25/03/2026,2026,3,Q1,Customer Service,Christchurch,Software,Individual,12519.05,4208.32,1111.55,11606.53,4203.01,1086.96
TXN00034,26/03/2026,2026,3,Q1,Administration,Christchurch,Hardware,SME,13703.2,9469.45,1085.19,13158.08,9388.87,1189.1
TXN00420,26/03/2026,2026,3,Q1,Sales,Christchurch,Software,Corporate,26280.67,9382.37,2507.37,26373.88,9726.99,2666.42
TXN00193,27/03/2026,2026,3,Q1,Operations,Auckland,Support Services,SME,10234.44,3679.74,884.54,10138.43,3941.86,907.4
TXN01335,27/03/2026,2026,3,Q1,Administration,Tauranga,Software,SME,14157.17,4601.68,1153.14,13543.7,4747.44,1211.25
TXN01767,27/03/2026,2026,3,Q1,IT,Hamilton,Consulting,Government,29745.56,12896.92,3053.89,27291.33,12807.73,3068.5
TXN00431,28/03/2026,2026,3,Q1,Marketing,Christchurch,Professional Services,SME,13886.57,5825.9,1569.46,13184.24,6079.13,1659.28
TXN01561,28/03/2026,2026,3,Q1,Marketing,Christchurch,Software,Government,15014.99,5164.14,1860.37,13924.46,5197.02,1994.14
TXN00605,29/03/2026,2026,3,Q1,Customer Service,Tauranga,Professional Services,Corporate,26050.88,10092.91,2333.16,22659.28,9676.26,2380.93
TXN01903,29/03/2026,2026,3,Q1,Marketing,Wellington,Software,SME,24042.33,7802.81,3180.84,21737.49,7865.99,3272.77
TXN00387,30/03/2026,2026,3,Q1,Sales,Auckland,Support Services,Individual,13985.78,5659.43,1230.03,13115.08,5531.88,1265.96
TXN00983,31/03/2026,2026,3,Q1,Sales,Wellington,Professional Services,Individual,15991.81,6546.11,1502.22,16854.68,6127.22,1533.9
TXN00239,1/04/2026,2026,4,Q2,Customer Service,Auckland,Software,SME,29809.52,10562.79,2461.22,29830.71,10907.05,2552.88
TXN00894,1/04/2026,2026,4,Q2,Customer Service,Wellington,Training,Government,10218.64,4388.25,764.36,10268.63,4497.11,769.43
TXN00058,3/04/2026,2026,4,Q2,Customer Service,Wellington,Consulting,SME,18949.19,7496.52,1514.24,18084.26,7893.55,1617.83
TXN00325,3/04/2026,2026,4,Q2,Administration,Hamilton,Support Services,Corporate,9672.73,3711.54,839.65,9197.73,4027.25,835.9
TXN00510,3/04/2026,2026,4,Q2,Operations,Christchurch,Hardware,SME,11945.73,7870.65,910.1,10990.9,8272.54,889.12
TXN01743,3/04/2026,2026,4,Q2,Customer Service,Wellington,Support Services,SME,10981.83,4036.98,942.59,10918.26,4063.52,945.95
TXN01578,4/04/2026,2026,4,Q2,Operations,Tauranga,Software,Corporate,19700.98,6694.34,1584.92,20022.75,6997.53,1628.38
TXN00165,5/04/2026,2026,4,Q2,Marketing,Auckland,Consulting,SME,27522.69,11544.91,3539.19,27887.18,11928.61,3473.96
TXN00237,5/04/2026,2026,4,Q2,Administration,Wellington,Support Services,Government,12279.52,4986.85,1060.67,12433.32,4789.42,1140.52
TXN00314,5/04/2026,2026,4,Q2,Customer Service,Christchurch,Training,Corporate,8912.36,4019.43,644.98,8318.09,4218.28,695.31
TXN00939,5/04/2026,2026,4,Q2,Marketing,Auckland,Consulting,Individual,18458.85,7670.46,2232.46,16419.29,7772.81,2306.28
TXN01741,5/04/2026,2026,4,Q2,IT,Christchurch,Software,SME,19353.64,6782.36,2200.6,18338.23,6583.64,2072.19
TXN00867,6/04/2026,2026,4,Q2,Administration,Christchurch,Professional Services,Corporate,26238.07,10484.86,1968.39,28209.57,11098.08,2112.55
TXN01446,6/04/2026,2026,4,Q2,Operations,Tauranga,Consulting,SME,27152.01,11473.87,2170.1,26279.59,11192.91,2273.29
TXN00310,7/04/2026,2026,4,Q2,Operations,Wellington,Software,Corporate,18161.88,6469,1248.07,18228.38,6810.55,1341.22
TXN01715,7/04/2026,2026,4,Q2,Sales,Tauranga,Consulting,Corporate,36278.96,14618.15,3726.19,36411.5,15183.28,3612.5
TXN00150,8/04/2026,2026,4,Q2,Sales,Auckland,Consulting,Corporate,26786.39,11239.59,2611.51,24472.47,11419.36,2590.81
TXN00433,8/04/2026,2026,4,Q2,Administration,Auckland,Consulting,Corporate,26333.59,10999.58,2095.27,25456.78,10641.45,2267.72
TXN01805,8/04/2026,2026,4,Q2,Operations,Auckland,Consulting,Corporate,42267.62,18720.2,3526.87,41008.12,17933.09,3387.91
TXN00192,9/04/2026,2026,4,Q2,Administration,Auckland,Hardware,Corporate,25789.24,18142.02,1802.77,24682.17,17781.4,1879.14
TXN00616,9/04/2026,2026,4,Q2,IT,Wellington,Hardware,SME,26120.53,17723.11,2547.66,24413.35,17302.67,2521.49
TXN01066,9/04/2026,2026,4,Q2,Sales,Christchurch,Professional Services,Government,16995.4,7231.17,1521.07,16525.51,7385.32,1534.13
TXN01345,9/04/2026,2026,4,Q2,Sales,Christchurch,Support Services,Government,14659.87,5510.11,1632.68,14688.37,5349.71,1628.72
TXN01580,9/04/2026,2026,4,Q2,Sales,Hamilton,Professional Services,Government,22319.92,8492.16,2152.13,22726.87,8836.45,2157.72
TXN00027,10/04/2026,2026,4,Q2,Sales,Wellington,Software,Individual,19747.26,6476.58,1661.71,19160.87,6707.21,1672.81
TXN00768,11/04/2026,2026,4,Q2,Operations,Tauranga,Professional Services,Individual,14910.86,6190.59,1202.94,14146.15,6364.36,1220.03
TXN01866,11/04/2026,2026,4,Q2,Sales,Auckland,Software,Government,37459.71,13671.61,3549.83,36492.17,14068.19,3633.82
TXN00231,12/04/2026,2026,4,Q2,Sales,Tauranga,Software,SME,21540.56,7667.86,1802.44,22556.61,8229.03,2013.45
TXN01136,12/04/2026,2026,4,Q2,Marketing,Christchurch,Hardware,Government,15343.9,9993.59,1662.74,16478.45,9874.84,1726.49
TXN00649,13/04/2026,2026,4,Q2,Sales,Auckland,Support Services,Government,24491.87,9478.95,2280.18,23462.9,9518.83,2371.25
TXN01162,13/04/2026,2026,4,Q2,IT,Auckland,Support Services,Corporate,27461.95,9861.26,2698.96,26033.8,10182.93,3054.24
TXN01418,13/04/2026,2026,4,Q2,Operations,Tauranga,Professional Services,SME,18954.54,7740.4,1746.87,17165.17,7949.64,1721.02
TXN00661,15/04/2026,2026,4,Q2,Customer Service,Hamilton,Consulting,SME,21653.37,8721.3,1612.4,20620.19,8457.42,1564.72
TXN00111,16/04/2026,2026,4,Q2,Sales,Christchurch,Professional Services,Corporate,30817.23,13127.93,2779.49,29180.61,13301.19,2898.99
TXN01367,16/04/2026,2026,4,Q2,Customer Service,Wellington,Training,Corporate,9770.07,4493.75,747.49,9459.1,4547.46,689.66
TXN01661,16/04/2026,2026,4,Q2,Operations,Tauranga,Software,Corporate,19088.4,6161.3,1506.74,16828.53,6485.8,1668.36
TXN01378,17/04/2026,2026,4,Q2,Customer Service,Auckland,Professional Services,Government,31983.6,13098.01,3028.65,29555.31,13643.39,3013.95
TXN00100,18/04/2026,2026,4,Q2,IT,Auckland,Software,Corporate,27547.62,8979.52,2759.78,26231.31,9535.62,2762.36
TXN00423,19/04/2026,2026,4,Q2,Operations,Wellington,Support Services,Corporate,25256.1,9840.61,2020.59,25326.34,10330,1968.99
TXN00736,20/04/2026,2026,4,Q2,Marketing,Auckland,Software,Corporate,34442.2,11316.07,4246.51,36519.47,11307.33,4176.76
TXN01423,20/04/2026,2026,4,Q2,Sales,Tauranga,Consulting,Corporate,27696.69,11345.36,2707.85,27872.94,11522.41,2973.34
TXN01699,20/04/2026,2026,4,Q2,Sales,Tauranga,Support Services,Individual,8055.9,3063.35,665.56,8056.75,3028.11,631.94
TXN00389,21/04/2026,2026,4,Q2,Customer Service,Tauranga,Hardware,Government,12383.32,8461.4,937.07,11935.57,8969.36,959.48
TXN00412,21/04/2026,2026,4,Q2,Customer Service,Wellington,Professional Services,Corporate,22475.79,9632.83,1960.53,21424.66,9739.5,2024.29
TXN00435,21/04/2026,2026,4,Q2,Sales,Wellington,Professional Services,Government,26621.42,10434.52,2423.12,25714.65,10256.65,2356.94
TXN01502,21/04/2026,2026,4,Q2,Operations,Wellington,Software,Government,25471.68,9080.56,1988.54,25400.59,8900.14,1947.96
TXN00367,23/04/2026,2026,4,Q2,IT,Wellington,Support Services,Government,13222.07,4920.71,1316.24,12895.25,5163.23,1372.87
TXN00623,23/04/2026,2026,4,Q2,Administration,Auckland,Hardware,Individual,13154.56,9162.19,959.89,12222.06,9165.6,1009.22
TXN00685,23/04/2026,2026,4,Q2,Customer Service,Tauranga,Support Services,Corporate,12563.22,5104.4,1006.24,12474.69,5118.02,1010.11
TXN01048,23/04/2026,2026,4,Q2,Administration,Auckland,Professional Services,SME,21641.9,8361.29,1741.59,20207.17,8265.72,1774.89
TXN01432,23/04/2026,2026,4,Q2,Customer Service,Auckland,Professional Services,SME,26674.9,11405.74,2570.96,27143.31,11191.65,2430.28
TXN00713,24/04/2026,2026,4,Q2,Sales,Wellington,Software,Individual,14401.06,4741.72,1435.5,13633.43,5177.43,1424.79
TXN00876,24/04/2026,2026,4,Q2,Administration,Auckland,Hardware,Corporate,24118.92,16164.13,1625.43,21828.46,16861.99,1635.09
TXN01035,24/04/2026,2026,4,Q2,Operations,Auckland,Software,Individual,17092.78,5860.9,1400.53,14920.83,5965.71,1526.81
TXN01139,24/04/2026,2026,4,Q2,Customer Service,Auckland,Software,Government,23162.19,7409.3,1930.99,23084.99,7444.04,1987.02
TXN01385,24/04/2026,2026,4,Q2,Marketing,Auckland,Hardware,SME,11480.74,8733.79,1153.41,10340.84,8861.97,1253.41
TXN00137,25/04/2026,2026,4,Q2,Customer Service,Christchurch,Software,Individual,10318.31,3310,1017.66,10018.41,3282.5,984.17
TXN01074,25/04/2026,2026,4,Q2,Sales,Christchurch,Professional Services,Corporate,24057.52,10064.5,2376.79,25292.56,10159.96,2388.23
TXN01260,26/04/2026,2026,4,Q2,Sales,Auckland,Hardware,Corporate,23516.1,14952.55,1983.2,22606.03,14411.81,2088.63
TXN00721,27/04/2026,2026,4,Q2,Sales,Hamilton,Software,Government,14121.17,4725.75,1235.06,13981.16,4822.73,1204.64
TXN01177,27/04/2026,2026,4,Q2,Sales,Auckland,Consulting,SME,28661.25,12919.66,3047.05,28315.99,13722.46,3192.43
TXN01184,27/04/2026,2026,4,Q2,Sales,Wellington,Professional Services,Corporate,40523.46,17127.52,3605.88,37643.88,17221.07,3633.87
TXN01409,28/04/2026,2026,4,Q2,Administration,Tauranga,Consulting,Corporate,25897.45,10292.08,1925.13,25369.79,10379.64,1943.67
TXN00166,29/04/2026,2026,4,Q2,Sales,Auckland,Support Services,SME,19215.94,7596.85,1842.73,17255.09,7427.53,1845.34
TXN01368,29/04/2026,2026,4,Q2,Customer Service,Auckland,Consulting,Government,33722.91,14303.9,2754.68,35379.49,14928.95,2933.98
TXN00109,1/05/2026,2026,5,Q2,IT,Christchurch,Professional Services,Government,19042.91,7445.08,1508.97,17371.8,7277.98,1549.6
TXN00889,1/05/2026,2026,5,Q2,Marketing,Auckland,Professional Services,SME,22093.34,8713.92,2962.2,22364.36,8549.71,2901.22
TXN01199,1/05/2026,2026,5,Q2,IT,Christchurch,Hardware,Corporate,17440.29,12157.49,2104.72,17148.24,12089.77,2022.55
TXN00040,2/05/2026,2026,5,Q2,Operations,Tauranga,Support Services,Government,8945.07,3410.78,801.41,7883.09,3288.97,846.58
TXN01951,2/05/2026,2026,5,Q2,Administration,Auckland,Training,Government,13648.24,6055.34,1186.71,12919.72,6225.01,1169.88
TXN00981,3/05/2026,2026,5,Q2,IT,Auckland,Professional Services,SME,29730.98,11491.52,3561.52,29800.54,11303.25,3443.28
TXN00898,4/05/2026,2026,5,Q2,Customer Service,Hamilton,Consulting,Corporate,23923.83,10892.44,1831.77,22110.71,11123.16,1833.24
TXN00946,4/05/2026,2026,5,Q2,Customer Service,Auckland,Professional Services,Government,27371.68,10633.97,2359.28,24919.51,11489.49,2604.13
TXN01872,4/05/2026,2026,5,Q2,Sales,Auckland,Software,Corporate,44542.65,16449.58,3944.45,43205.18,16898.09,3699.84
TXN01993,4/05/2026,2026,5,Q2,Sales,Wellington,Software,Corporate,25558.27,8550.89,2548.3,23946.18,8070.02,2635.11
TXN00440,5/05/2026,2026,5,Q2,Sales,Christchurch,Software,Individual,9409.2,3119.81,807.45,9632.54,3048.79,771.1
TXN00810,5/05/2026,2026,5,Q2,Administration,Auckland,Professional Services,Individual,16724.81,6528.58,1365.48,16685.28,6797.87,1376.72
TXN01124,5/05/2026,2026,5,Q2,Administration,Wellington,Hardware,SME,17404.46,11702.98,1424.19,17007.62,11648.2,1520.06
TXN01305,6/05/2026,2026,5,Q2,Marketing,Christchurch,Professional Services,Individual,13197.63,5654.21,1313.36,13934.02,5555.86,1328.88
TXN00104,7/05/2026,2026,5,Q2,Operations,Christchurch,Consulting,Corporate,23791.7,10072.19,1731.39,23561.73,10408,1829.24
TXN01021,10/05/2026,2026,5,Q2,Sales,Christchurch,Hardware,Individual,10536,7288.57,1061.61,10310.27,7255.42,1103.7
TXN01303,11/05/2026,2026,5,Q2,Sales,Christchurch,Software,Government,25560.32,9523.58,2236.32,26726.98,9459.58,2295.23
TXN01894,11/05/2026,2026,5,Q2,Sales,Tauranga,Support Services,Corporate,24270.97,9850.89,2390.75,23004.68,10236.74,2435.22
TXN00356,13/05/2026,2026,5,Q2,Administration,Auckland,Hardware,SME,15962.18,10431.68,1254.77,15151.21,10545.35,1285.96
TXN00099,14/05/2026,2026,5,Q2,Sales,Wellington,Consulting,Corporate,22760.85,10100.01,2275.4,21417.92,10207.16,2336.53
TXN00591,14/05/2026,2026,5,Q2,Customer Service,Auckland,Support Services,SME,10571.26,4113.14,864.37,10167.42,4322.8,877.9
TXN01381,14/05/2026,2026,5,Q2,Sales,Christchurch,Software,Corporate,35381.12,11289.13,2893.66,32819.05,10815.68,3305.28
TXN01417,14/05/2026,2026,5,Q2,Operations,Auckland,Professional Services,Corporate,38048.85,15297.03,3464.82,36176.45,15384.43,3567.33
TXN01523,14/05/2026,2026,5,Q2,Marketing,Wellington,Hardware,Government,18297.54,12147.18,2562.21,17963.65,12695.82,2471.29
TXN01601,15/05/2026,2026,5,Q2,Customer Service,Wellington,Consulting,Government,43594.8,20147.53,4053.2,41325.88,20988.66,4180.76
TXN00130,16/05/2026,2026,5,Q2,Sales,Auckland,Professional Services,Corporate,41053.02,15852.05,4271.86,41286.07,15476.74,4219.08
TXN00293,17/05/2026,2026,5,Q2,Operations,Auckland,Software,SME,14412.44,5232.87,1138.55,14120.67,5363.52,1168.73
TXN00660,17/05/2026,2026,5,Q2,Operations,Wellington,Training,Government,13660.79,6277.25,1102.18,13302.82,6486.23,1089.63
TXN01607,17/05/2026,2026,5,Q2,Operations,Wellington,Consulting,SME,22723.91,10090.22,1899.74,23030.69,10555.74,2134.51
TXN00083,18/05/2026,2026,5,Q2,Customer Service,Auckland,Software,SME,24627.18,8603.5,1906.65,22150.49,8447.72,1960.57
TXN00413,18/05/2026,2026,5,Q2,IT,Auckland,Consulting,Corporate,37904.26,15559.99,4158.22,35397.06,16856.21,4188.67
TXN01387,18/05/2026,2026,5,Q2,Customer Service,Auckland,Software,Corporate,23460.55,7903.43,2071.81,22085.21,8165.39,2044.07
TXN01895,19/05/2026,2026,5,Q2,Operations,Christchurch,Software,Government,21471.03,7223.34,1524.41,20519.21,7097.44,1613.44
TXN01818,20/05/2026,2026,5,Q2,Sales,Hamilton,Hardware,Corporate,16981.08,10674.47,1624.3,16940.01,10986.63,1721.61
TXN00279,21/05/2026,2026,5,Q2,Marketing,Wellington,Professional Services,Corporate,27429.37,10343.57,3428.66,26915.71,10009.33,3703.68
TXN00634,21/05/2026,2026,5,Q2,IT,Auckland,Software,Individual,15243.59,5046.9,1516.94,13975.71,5114.47,1536.56
TXN01254,21/05/2026,2026,5,Q2,Operations,Auckland,Support Services,Individual,10583.48,4211.96,850.26,10064.18,4290.31,843.69
TXN01791,21/05/2026,2026,5,Q2,Sales,Wellington,Professional Services,Corporate,36053.35,15155.94,3289.44,35371.74,15449.55,3159.9
TXN01843,21/05/2026,2026,5,Q2,IT,Auckland,Professional Services,Individual,14540.47,5962.58,1363.46,13154.95,6334.33,1399.79
TXN01129,23/05/2026,2026,5,Q2,Sales,Auckland,Training,Corporate,16844.27,8335.7,1786.06,16729.95,8066.93,1826.97
TXN01501,23/05/2026,2026,5,Q2,Marketing,Auckland,Support Services,Corporate,16649.41,6776.16,2024.4,16017.6,6511.41,1964.33
TXN00401,24/05/2026,2026,5,Q2,Sales,Christchurch,Support Services,Corporate,12834.35,4788.4,1098.4,11058.77,4694.05,1120.17
TXN00641,24/05/2026,2026,5,Q2,Sales,Tauranga,Hardware,SME,14360.8,9490.89,1427.92,13757.84,10050.91,1399.05
TXN01475,25/05/2026,2026,5,Q2,Sales,Hamilton,Hardware,Corporate,20310.35,13980.31,1988.16,20947.64,14069.75,2008.75
TXN01697,25/05/2026,2026,5,Q2,Customer Service,Tauranga,Software,Corporate,15867.99,5284.29,1391.14,14550.95,5500.39,1483.83
TXN00151,26/05/2026,2026,5,Q2,IT,Wellington,Consulting,Corporate,32586.7,14383.48,3224.57,31767.02,14576.1,3171.57
TXN01192,26/05/2026,2026,5,Q2,Customer Service,Auckland,Software,Corporate,21808.88,7080.74,1987.96,22034.58,7162.63,2026.09
TXN01613,26/05/2026,2026,5,Q2,Customer Service,Auckland,Hardware,Corporate,15726.99,11160.48,1390.69,13972.47,11360.48,1474.34
TXN01764,26/05/2026,2026,5,Q2,Sales,Christchurch,Hardware,SME,14711.99,9241.96,1531.51,15419.91,9542.51,1521.27
TXN00252,27/05/2026,2026,5,Q2,Sales,Wellington,Professional Services,Government,33311.51,13061.08,2935.39,33062.77,13620.34,3135.22
TXN01890,27/05/2026,2026,5,Q2,IT,Hamilton,Support Services,Government,11154.31,4106.46,1000.06,10849.28,4217,1001.04
TXN00221,28/05/2026,2026,5,Q2,Sales,Hamilton,Support Services,SME,10037.16,3944.26,919.74,10006.29,3843.79,983.43
TXN01611,28/05/2026,2026,5,Q2,Sales,Auckland,Hardware,Corporate,25071.06,17391.28,2156.51,23605.33,17978.34,2182.84
TXN01686,29/05/2026,2026,5,Q2,Sales,Auckland,Software,Corporate,47527.11,15031.89,4154.91,43115.84,15760.84,3926.26
TXN01294,30/05/2026,2026,5,Q2,Marketing,Wellington,Consulting,SME,16682.16,7122.35,2076.23,15820.46,6849.77,2217.59
TXN00419,31/05/2026,2026,5,Q2,Customer Service,Wellington,Software,SME,17751.94,6257.26,1690.22,16888.96,6281.36,1835.99
TXN00017,1/06/2026,2026,6,Q2,Customer Service,Auckland,Support Services,SME,15493.63,5634.97,1383.93,16021.09,5399.71,1413.7
TXN01212,2/06/2026,2026,6,Q2,IT,Christchurch,Professional Services,Corporate,22894.64,9411.35,2082.6,23381.62,10013.78,2170.02
TXN01167,3/06/2026,2026,6,Q2,Sales,Wellington,Hardware,Corporate,24094.76,17219.06,2219.5,23850.56,17360.18,2242.09
TXN01257,3/06/2026,2026,6,Q2,Administration,Wellington,Training,SME,9303.23,4295.09,754.25,8824.92,4475.61,766.42
TXN00029,4/06/2026,2026,6,Q2,Sales,Hamilton,Hardware,SME,23550.42,15931.07,2274.25,23434.44,15867.19,2063.22
TXN01610,5/06/2026,2026,6,Q2,Sales,Auckland,Consulting,Corporate,38239.35,15114.92,3161.16,38512.98,15424.99,3235.73
TXN00392,6/06/2026,2026,6,Q2,IT,Christchurch,Professional Services,Individual,13253.42,4994.1,1171.35,12158.01,5036.44,1142.93
TXN00928,7/06/2026,2026,6,Q2,Marketing,Auckland,Support Services,SME,14112.85,5301.69,1697.11,13287.04,5773.5,1737.67
TXN00255,8/06/2026,2026,6,Q2,Sales,Auckland,Support Services,Government,14709.84,5503.77,1367.81,12901.31,5738.91,1336.02
TXN00816,8/06/2026,2026,6,Q2,IT,Wellington,Hardware,Government,20446.73,14491.62,2252,18990.79,14412.77,2240.13
TXN01907,8/06/2026,2026,6,Q2,Sales,Hamilton,Training,Corporate,15053.83,7086.81,1608.93,15093.16,7567.58,1557.15
TXN00167,9/06/2026,2026,6,Q2,Customer Service,Auckland,Professional Services,Corporate,20548.28,8207.16,1512.52,21156.87,8103.4,1523.18
TXN00653,9/06/2026,2026,6,Q2,Marketing,Wellington,Software,Individual,10260.08,3761.72,1281.91,9723.59,3945.1,1261.86
TXN01554,9/06/2026,2026,6,Q2,Sales,Auckland,Software,SME,25612.21,8509.88,2414.85,25770.75,9100.83,2484.16
TXN01904,9/06/2026,2026,6,Q2,Sales,Auckland,Software,Individual,18192.84,6272.13,1721.35,18822.37,6551.46,1785.03
TXN00558,10/06/2026,2026,6,Q2,Sales,Christchurch,Hardware,Corporate,27326.52,17602.55,2289.13,27569.83,17899.58,2522.31
TXN00624,10/06/2026,2026,6,Q2,Sales,Tauranga,Consulting,SME,19919.16,8272.77,1997.4,19914.98,8408.49,1930.91
TXN00945,10/06/2026,2026,6,Q2,Operations,Auckland,Software,Corporate,28256.52,9885.88,2211.21,26984.06,10182.52,2341.63
TXN01055,10/06/2026,2026,6,Q2,Sales,Auckland,Hardware,SME,18786.91,12744.19,1814.94,18030.97,12484.79,1900.92
TXN00545,11/06/2026,2026,6,Q2,Administration,Auckland,Software,Individual,10781.41,3636.99,813.58,10395.24,3704.32,807.17
TXN01044,11/06/2026,2026,6,Q2,Customer Service,Christchurch,Professional Services,SME,17899.49,6991.93,1572.68,16162.45,7614.81,1497.95
TXN01885,11/06/2026,2026,6,Q2,Customer Service,Auckland,Software,Corporate,16798.96,5715.97,1707.69,15794.54,5951.12,1810.58
TXN00808,12/06/2026,2026,6,Q2,Customer Service,Tauranga,Software,SME,16030.08,5596.91,1520.56,15937.89,5850.41,1600.52
TXN01726,12/06/2026,2026,6,Q2,Operations,Auckland,Support Services,SME,17749.19,6946.61,1481.12,17151.96,6752.57,1583.4
TXN00365,13/06/2026,2026,6,Q2,Sales,Auckland,Software,Corporate,37137.76,11833.72,3553.1,35576.48,11940.61,3670.69
TXN00556,13/06/2026,2026,6,Q2,Marketing,Christchurch,Support Services,Individual,7114.87,2559.09,871.81,6771.18,2694.25,922.51
TXN01146,13/06/2026,2026,6,Q2,Sales,Tauranga,Professional Services,Corporate,41336.37,17420.66,3902.16,41255.2,17733.7,3821.55
TXN01882,13/06/2026,2026,6,Q2,Sales,Christchurch,Software,Corporate,23400.03,7737.6,2049.1,22683.77,7746.48,2058.87
TXN01084,15/06/2026,2026,6,Q2,Sales,Auckland,Software,Corporate,24297.85,8745.86,2082.27,23171.71,8070.89,2158.44
TXN01401,15/06/2026,2026,6,Q2,Sales,Wellington,Software,Individual,19868.59,6203.81,2042.8,18523.34,6416.94,2348.7
TXN00149,16/06/2026,2026,6,Q2,Sales,Auckland,Support Services,Individual,9703.92,3559.84,852.13,9592.74,3570.36,838.57
TXN00311,17/06/2026,2026,6,Q2,Marketing,Wellington,Training,SME,6615.41,3071.56,819.24,6706.73,2916.77,855.43
TXN01889,17/06/2026,2026,6,Q2,Sales,Auckland,Software,Corporate,30505.9,10341.85,2913.76,30135.69,10687.97,3086.16
TXN01264,18/06/2026,2026,6,Q2,Customer Service,Auckland,Hardware,Corporate,18424.31,13077.48,1560.31,18359.94,13170.24,1514.82
TXN00502,20/06/2026,2026,6,Q2,Customer Service,Wellington,Hardware,Corporate,20406.97,11973.83,1476.51,19159.59,11938.89,1604.29
TXN00338,21/06/2026,2026,6,Q2,Customer Service,Hamilton,Consulting,Individual,17340.67,7925.21,1500.93,17827.91,8512.69,1571.34
TXN00847,21/06/2026,2026,6,Q2,Customer Service,Hamilton,Consulting,SME,17371.07,7663.32,1740.9,16465.19,7568.46,1742.83
TXN01340,21/06/2026,2026,6,Q2,Operations,Auckland,Professional Services,Government,31362.97,13631.42,2878.66,31627.61,13309,2992.32
TXN00680,22/06/2026,2026,6,Q2,Customer Service,Wellington,Software,Corporate,26815.95,8613.05,2404.09,26851.24,8733.16,2416.67
TXN00839,22/06/2026,2026,6,Q2,Customer Service,Auckland,Consulting,SME,28692.89,11991.93,2534.58,27624.88,12617.98,2656
TXN00848,22/06/2026,2026,6,Q2,Marketing,Hamilton,Consulting,SME,17425.56,7421.75,1740.11,16825.34,7551.92,1747.77
TXN01116,22/06/2026,2026,6,Q2,Sales,Auckland,Professional Services,Corporate,26071.89,10538.94,2631.08,25964.63,10219.62,2893.08
TXN00911,23/06/2026,2026,6,Q2,Administration,Wellington,Consulting,Corporate,40660.49,16981.65,2871.67,36594.54,17399.71,2950.5
TXN01200,23/06/2026,2026,6,Q2,Administration,Wellington,Hardware,Corporate,21014.36,14149.53,1536.22,18746.98,13711.56,1540.96
TXN01486,23/06/2026,2026,6,Q2,Sales,Wellington,Software,SME,22539.85,7250.84,1845.95,23109.75,7626.07,1949.64
TXN00470,24/06/2026,2026,6,Q2,Operations,Auckland,Professional Services,Corporate,24698.13,9686.8,1653.59,24009.47,9359.79,1673.11
TXN00584,24/06/2026,2026,6,Q2,IT,Auckland,Hardware,Government,21753.94,14756.4,2333.61,21006.02,14301.21,2415.78
TXN00938,24/06/2026,2026,6,Q2,Sales,Auckland,Hardware,Corporate,21038.91,13913.65,2078.86,20194.08,13800.2,2043.45
TXN01562,24/06/2026,2026,6,Q2,Sales,Wellington,Software,Corporate,36380.4,12539.59,3754.2,33412.9,12645.4,3999.21
TXN00730,25/06/2026,2026,6,Q2,IT,Tauranga,Hardware,Corporate,19046.43,13481.12,1809.84,15811.25,12211.79,1843.45
TXN01069,25/06/2026,2026,6,Q2,Sales,Tauranga,Support Services,SME,12006.43,4707.37,1087.15,12987.03,4547.48,1136.3
TXN01209,25/06/2026,2026,6,Q2,Sales,Wellington,Professional Services,Corporate,27264.65,10558.59,2899.82,27063.53,10851.86,3012.4
TXN01117,27/06/2026,2026,6,Q2,IT,Wellington,Support Services,Corporate,17835.71,7339.95,1667.7,16558.58,7480.88,1760
TXN01286,28/06/2026,2026,6,Q2,Administration,Auckland,Software,SME,22747.09,7874.24,1603.01,21772.55,8184.55,1721.8
TXN01840,28/06/2026,2026,6,Q2,Sales,Auckland,Hardware,Corporate,19272.03,13763.22,1896.39,18655.64,14546.28,1767.24
TXN00171,29/06/2026,2026,6,Q2,Marketing,Christchurch,Software,Corporate,30426.56,9582.13,3944.97,29763.53,10247.91,4234.27
TXN00896,29/06/2026,2026,6,Q2,IT,Wellington,Consulting,SME,24013.61,10114,2220.07,23878.59,10237.58,2290.18
TXN01018,30/06/2026,2026,6,Q2,Sales,Wellington,Consulting,Corporate,35533.31,15503.08,3073.65,36024.57,15604.48,3361.65
TXN01628,30/06/2026,2026,6,Q2,Sales,Christchurch,Hardware,Government,13610.3,9188.02,1369.61,12708.64,9729.74,1327.49
